dataset,backbone,direction,N_db,nlist_setting,nlist,nprobe,probed_fraction,vanilla_R10,ms_R10,pmc_R10,vanilla_R100,ms_R100,pmc_R100,pmc_gain_R100_pct,vanilla_qps,ms_qps,pmc_qps
AudioCaps,ImageBind,audio->text,3346,n64,64,1,0.015625,0.379464,0.372024,0.386905,0.549107,0.577381,0.572917,4.34,229782.87,228828.25,229320.23
AudioCaps,ImageBind,audio->text,3346,n64,64,2,0.03125,0.43006,0.416667,0.441964,0.705357,0.712798,0.709821,0.63,123649.89,113715.19,117853.38
AudioCaps,ImageBind,audio->text,3346,n64,64,4,0.0625,0.434524,0.440476,0.456845,0.760417,0.785714,0.764881,0.59,59735.46,59133.07,59139.31
AudioCaps,ImageBind,audio->text,3346,n64,64,8,0.125,0.438988,0.456845,0.462798,0.794643,0.824405,0.808036,1.69,31331.3,30262.5,30678.49
AudioCaps,ImageBind,audio->text,3346,n64,64,16,0.25,0.44494,0.459821,0.471726,0.822917,0.839286,0.830357,0.9,16318.44,16511.66,15841.1
AudioCaps,ImageBind,audio->text,3346,n64,64,32,0.5,0.450893,0.455357,0.473214,0.833333,0.834821,0.830357,-0.36,8132.95,8254.85,8513.22
AudioCaps,ImageBind,audio->text,3346,n64,64,64,1.0,0.450893,0.456845,0.46875,0.831845,0.837798,0.834821,0.36,4278.21,4198.08,4205.57
AudioCaps,ImageBind,audio->text,3346,sqrtN,58,1,0.017241,0.358631,0.373512,0.392857,0.549107,0.572917,0.583333,6.23,237187.66,248327.83,244594.91
AudioCaps,ImageBind,audio->text,3346,sqrtN,58,2,0.034483,0.41369,0.421131,0.434524,0.693452,0.709821,0.714286,3.0,135804.21,129325.28,124916.34
AudioCaps,ImageBind,audio->text,3346,sqrtN,58,4,0.068966,0.441964,0.441964,0.462798,0.755952,0.772321,0.776786,2.76,60395.27,61050.39,61892.13
AudioCaps,ImageBind,audio->text,3346,sqrtN,58,8,0.137931,0.447917,0.450893,0.483631,0.802083,0.815476,0.8125,1.3,32461.42,32055.1,32696.59
AudioCaps,ImageBind,audio->text,3346,sqrtN,58,16,0.275862,0.443452,0.462798,0.483631,0.825893,0.830357,0.827381,0.18,16690.68,16726.32,16319.59
AudioCaps,ImageBind,audio->text,3346,sqrtN,58,32,0.551724,0.449405,0.459821,0.486607,0.830357,0.831845,0.81994,-1.25,8589.18,8247.01,8064.01
AudioCaps,ImageBind,audio->text,3346,sqrtN,58,58,1.0,0.447917,0.458333,0.485119,0.833333,0.834821,0.821429,-1.43,4359.25,4372.2,4349.5
AudioCaps,ImageBind,text->audio,672,n64,64,1,0.015625,0.285117,0.309922,0.314704,0.303945,0.332038,0.343096,12.88,220584.36,235876.33,237674.11
AudioCaps,ImageBind,text->audio,672,n64,64,2,0.03125,0.35535,0.374477,0.378063,0.444411,0.463539,0.46832,5.38,125151.02,122872.86,125198.78
AudioCaps,ImageBind,text->audio,672,n64,64,4,0.0625,0.373282,0.409145,0.407651,0.574417,0.60251,0.607292,5.72,67523.8,66695.24,67575.89
AudioCaps,ImageBind,text->audio,672,n64,64,8,0.125,0.391811,0.421698,0.425882,0.704124,0.732815,0.726539,3.18,33919.06,34034.95,33622.87
AudioCaps,ImageBind,text->audio,672,n64,64,16,0.25,0.400179,0.429767,0.439928,0.769874,0.7896,0.806336,4.74,17377.52,17396.0,17218.01
AudioCaps,ImageBind,text->audio,672,n64,64,32,0.5,0.400179,0.431261,0.442319,0.794082,0.806635,0.82636,4.06,8686.73,8737.37,8689.5
AudioCaps,ImageBind,text->audio,672,n64,64,64,1.0,0.400478,0.432457,0.441721,0.796175,0.812014,0.822475,3.3,4259.88,4255.25,4267.4
AudioCaps,ImageBind,text->audio,672,sqrtN,26,1,0.038462,0.296772,0.332935,0.338314,0.400478,0.450687,0.456366,13.96,202581.62,212441.74,209208.69
AudioCaps,ImageBind,text->audio,672,sqrtN,26,2,0.076923,0.335027,0.383144,0.385535,0.522415,0.588464,0.582188,11.44,112411.27,113841.28,112729.39
AudioCaps,ImageBind,text->audio,672,sqrtN,26,4,0.153846,0.374477,0.41572,0.420502,0.656007,0.708607,0.70532,7.52,60235.87,58071.02,58520.85
AudioCaps,ImageBind,text->audio,672,sqrtN,26,8,0.307692,0.389719,0.43156,0.437836,0.752839,0.783025,0.779139,3.49,26989.23,33928.45,34189.68
AudioCaps,ImageBind,text->audio,672,sqrtN,26,16,0.615385,0.392409,0.437836,0.437537,0.775254,0.805439,0.816796,5.36,16988.75,17286.22,17530.58
AudioCaps,ImageBind,text->audio,672,sqrtN,26,26,1.0,0.393604,0.439331,0.437537,0.779737,0.812911,0.817394,4.83,10451.52,10725.97,10753.77
Clotho-all,ImageBind,audio->text,5926,n64,64,1,0.015625,0.333412,0.240533,0.358117,0.335685,0.304774,0.334219,-0.44,119515.56,103693.85,93661.19
Clotho-all,ImageBind,audio->text,5926,n64,64,2,0.03125,0.401282,0.290111,0.443976,0.470759,0.409511,0.486812,3.41,53560.13,54778.92,61356.36
Clotho-all,ImageBind,audio->text,5926,n64,64,4,0.0625,0.450472,0.326139,0.498532,0.55828,0.469553,0.595287,6.63,46344.89,27235.02,29449.42
Clotho-all,ImageBind,audio->text,5926,n64,64,8,0.125,0.470992,0.34217,0.523979,0.598321,0.49538,0.654593,9.4,16310.74,16849.04,14599.21
Clotho-all,ImageBind,audio->text,5926,n64,64,16,0.25,0.479632,0.350371,0.534813,0.616169,0.509057,0.682015,10.69,8960.25,7927.85,7119.45
Clotho-all,ImageBind,audio->text,5926,n64,64,32,0.5,0.483783,0.354759,0.539656,0.622784,0.51758,0.69338,11.34,3998.67,4096.05,4096.67
Clotho-all,ImageBind,audio->text,5926,n64,64,64,1.0,0.484593,0.355991,0.541242,0.62553,0.521063,0.697224,11.46,2315.15,1957.91,2025.67
Clotho-all,ImageBind,audio->text,5926,sqrtN,77,1,0.012987,0.34433,0.262572,0.380307,0.308772,0.295933,0.319447,3.46,161172.32,81667.41,94136.26
Clotho-all,ImageBind,audio->text,5926,sqrtN,77,2,0.025974,0.415845,0.301299,0.456801,0.46202,0.412872,0.480589,4.02,54647.38,58189.26,57510.36
Clotho-all,ImageBind,audio->text,5926,sqrtN,77,4,0.051948,0.454843,0.328181,0.504877,0.559475,0.47389,0.591026,5.64,40431.0,27353.35,31227.08
Clotho-all,ImageBind,audio->text,5926,sqrtN,77,8,0.103896,0.474924,0.342271,0.531995,0.602413,0.498446,0.655287,8.78,17510.85,14576.35,16429.75
Clotho-all,ImageBind,audio->text,5926,sqrtN,77,16,0.207792,0.484846,0.349021,0.542946,0.62204,0.511399,0.685975,10.28,7623.24,9121.8,7522.68
Clotho-all,ImageBind,audio->text,5926,sqrtN,77,32,0.415584,0.487125,0.352801,0.547418,0.628849,0.51932,0.698476,11.07,4127.43,4031.74,4588.04
Clotho-all,ImageBind,audio->text,5926,sqrtN,77,64,0.831169,0.488171,0.354404,0.549224,0.630975,0.523245,0.702983,11.41,1988.26,2052.91,2094.32
Clotho-all,ImageBind,audio->text,5926,sqrtN,77,77,1.0,0.488475,0.354624,0.549342,0.631294,0.523502,0.703439,11.43,1876.46,1955.6,1599.75
Clotho-all,ImageBind,text->audio,5926,n64,64,1,0.015625,0.444482,0.36166,0.43456,0.387892,0.378579,0.379647,-2.13,128573.69,94469.11,86676.96
Clotho-all,ImageBind,text->audio,5926,n64,64,2,0.03125,0.528147,0.410007,0.523355,0.563547,0.507676,0.547477,-2.85,55556.44,61400.86,57671.55
Clotho-all,ImageBind,text->audio,5926,n64,64,4,0.0625,0.569035,0.432602,0.568005,0.664857,0.568775,0.657389,-1.12,39848.41,27129.43,29655.83
Clotho-all,ImageBind,text->audio,5926,n64,64,8,0.125,0.58461,0.442018,0.588205,0.707717,0.592719,0.712285,0.65,18572.76,15205.03,15341.44
Clotho-all,ImageBind,text->audio,5926,n64,64,16,0.25,0.589841,0.444516,0.594684,0.718928,0.599055,0.732069,1.83,7605.54,8614.42,7495.93
Clotho-all,ImageBind,text->audio,5926,n64,64,32,0.5,0.58996,0.445613,0.598043,0.719462,0.599055,0.73594,2.29,4240.17,4116.39,4418.22
Clotho-all,ImageBind,text->audio,5926,n64,64,64,1.0,0.589403,0.445798,0.597992,0.718736,0.598409,0.735491,2.33,2044.3,2109.16,1924.5
Clotho-all,ImageBind,text->audio,5926,sqrtN,77,1,0.012987,0.434408,0.358353,0.426426,0.353193,0.347693,0.347128,-1.72,109530.81,101696.37,108655.2
Clotho-all,ImageBind,text->audio,5926,sqrtN,77,2,0.025974,0.521009,0.407476,0.518107,0.532968,0.488036,0.51876,-2.67,63195.97,64607.78,50743.04
Clotho-all,ImageBind,text->audio,5926,sqrtN,77,4,0.051948,0.567381,0.434863,0.564411,0.653064,0.562693,0.639529,-2.07,30269.64,31320.74,41322.46
Clotho-all,ImageBind,text->audio,5926,sqrtN,77,8,0.103896,0.587749,0.447047,0.59028,0.706858,0.594703,0.706493,-0.05,15681.14,16423.02,19166.88
Clotho-all,ImageBind,text->audio,5926,sqrtN,77,16,0.207792,0.59352,0.452396,0.598161,0.722867,0.604214,0.731956,1.26,8463.43,7390.68,10472.9
Clotho-all,ImageBind,text->audio,5926,sqrtN,77,32,0.415584,0.594786,0.453594,0.601772,0.724838,0.604691,0.738478,1.88,4362.61,3905.56,4133.47
Clotho-all,ImageBind,text->audio,5926,sqrtN,77,64,0.831169,0.594094,0.453915,0.602481,0.723819,0.604222,0.738631,2.05,2078.03,2061.32,1957.79
Clotho-all,ImageBind,text->audio,5926,sqrtN,77,77,1.0,0.594229,0.453679,0.602295,0.72361,0.604339,0.738577,2.07,1976.82,1756.19,1695.4
Flickr30K-full,CLIP-L/14,image->text,31014,n64,64,1,0.015625,0.149568,0.178623,0.217334,0.209448,0.215151,0.229685,9.66,101444.94,182319.25,124989.72
Flickr30K-full,CLIP-L/14,image->text,31014,n64,64,2,0.03125,0.177839,0.219446,0.277455,0.255251,0.274432,0.311301,21.96,74429.97,75681.06,107953.18
Flickr30K-full,CLIP-L/14,image->text,31014,n64,64,4,0.0625,0.196992,0.247798,0.326211,0.288668,0.316866,0.383217,32.75,37705.86,48142.02,43034.67
Flickr30K-full,CLIP-L/14,image->text,31014,n64,64,8,0.125,0.206668,0.264348,0.357909,0.306954,0.340532,0.431601,40.61,22370.56,21853.33,21100.25
Flickr30K-full,CLIP-L/14,image->text,31014,n64,64,16,0.25,0.207687,0.272061,0.375211,0.312245,0.351829,0.460726,47.55,10016.81,11467.31,11786.49
Flickr30K-full,CLIP-L/14,image->text,31014,n64,64,32,0.5,0.202357,0.275556,0.384165,0.307136,0.356664,0.47712,55.34,5453.39,5516.94,5235.88
Flickr30K-full,CLIP-L/14,image->text,31014,n64,64,64,1.0,0.195399,0.277072,0.384671,0.295063,0.359195,0.47907,62.36,2652.65,2624.26,2660.75
Flickr30K-full,CLIP-L/14,image->text,31014,sqrtN,176,1,0.005682,0.165058,0.179961,0.214429,0.208006,0.199805,0.202945,-2.43,120371.8,145451.44,127111.56
Flickr30K-full,CLIP-L/14,image->text,31014,sqrtN,176,2,0.011364,0.194409,0.222851,0.274818,0.266381,0.268971,0.288947,8.47,69845.52,68920.64,71076.26
Flickr30K-full,CLIP-L/14,image->text,31014,sqrtN,176,4,0.022727,0.213242,0.253673,0.324792,0.306381,0.32046,0.367937,20.09,38075.02,37214.58,38560.73
Flickr30K-full,CLIP-L/14,image->text,31014,sqrtN,176,8,0.045455,0.221593,0.272074,0.357577,0.327974,0.35091,0.426177,29.94,19771.91,21425.18,20422.97
Flickr30K-full,CLIP-L/14,image->text,31014,sqrtN,176,16,0.090909,0.221452,0.282121,0.375895,0.334593,0.365575,0.460808,37.72,11092.62,10623.46,10439.85
Flickr30K-full,CLIP-L/14,image->text,31014,sqrtN,176,32,0.181818,0.215393,0.287293,0.384594,0.330797,0.371861,0.477776,44.43,5439.16,5313.75,5324.08
Flickr30K-full,CLIP-L/14,image->text,31014,sqrtN,176,64,0.363636,0.203273,0.289759,0.388363,0.31856,0.374422,0.484274,52.02,2728.89,2733.87,2720.91
Flickr30K-full,CLIP-L/14,image->text,31014,sqrtN,176,128,0.727273,0.185503,0.290511,0.388728,0.299623,0.375571,0.483133,61.25,1326.51,1360.5,1724.93
Flickr30K-full,CLIP-L/14,image->text,31014,sqrtN,176,176,1.0,0.177342,0.290491,0.387993,0.290668,0.375599,0.48059,65.34,1118.82,1037.28,1222.05
Flickr30K-full,CLIP-L/14,text->image,31014,n64,64,1,0.015625,0.19941,0.168421,0.232124,0.253268,0.226398,0.270747,6.9,130232.07,121808.68,113835.74
Flickr30K-full,CLIP-L/14,text->image,31014,n64,64,2,0.03125,0.240704,0.203376,0.289814,0.313311,0.274821,0.35345,12.81,106050.28,72471.57,65340.74
Flickr30K-full,CLIP-L/14,text->image,31014,n64,64,4,0.0625,0.269901,0.228171,0.331892,0.355571,0.307832,0.415068,16.73,58932.41,37130.77,39570.71
Flickr30K-full,CLIP-L/14,text->image,31014,n64,64,8,0.125,0.28689,0.243403,0.358251,0.379711,0.327536,0.454477,19.69,21009.96,20784.26,22434.84
Flickr30K-full,CLIP-L/14,text->image,31014,n64,64,16,0.25,0.293803,0.250764,0.372599,0.388757,0.337676,0.476536,22.58,10360.81,10641.46,10216.58
Flickr30K-full,CLIP-L/14,text->image,31014,n64,64,32,0.5,0.292668,0.253041,0.377207,0.3869,0.340212,0.484156,25.14,5180.73,5312.12,5194.9
Flickr30K-full,CLIP-L/14,text->image,31014,n64,64,64,1.0,0.288496,0.252376,0.377181,0.379318,0.337914,0.483316,27.42,2782.44,2623.44,2572.13
Flickr30K-full,CLIP-L/14,text->image,31014,sqrtN,176,1,0.005682,0.214864,0.17544,0.232456,0.246535,0.22091,0.240294,-2.53,239124.55,240365.13,246232.56
Flickr30K-full,CLIP-L/14,text->image,31014,sqrtN,176,2,0.011364,0.254172,0.207464,0.286941,0.314168,0.273125,0.324491,3.29,140668.5,139552.4,138127.67
Flickr30K-full,CLIP-L/14,text->image,31014,sqrtN,176,4,0.022727,0.281641,0.23077,0.32849,0.360978,0.309124,0.393044,8.88,77997.41,78491.93,79035.17
Flickr30K-full,CLIP-L/14,text->image,31014,sqrtN,176,8,0.045455,0.298249,0.244854,0.355136,0.388425,0.32923,0.438694,12.94,41881.58,41594.43,41872.78
Flickr30K-full,CLIP-L/14,text->image,31014,sqrtN,176,16,0.090909,0.306649,0.252602,0.37062,0.402745,0.339609,0.466166,15.75,20038.36,20586.97,20297.51
Flickr30K-full,CLIP-L/14,text->image,31014,sqrtN,176,32,0.181818,0.309821,0.256645,0.379174,0.407278,0.344597,0.481736,18.28,10656.33,10273.62,10338.04
Flickr30K-full,CLIP-L/14,text->image,31014,sqrtN,176,64,0.363636,0.309505,0.258516,0.38332,0.405103,0.345874,0.488503,20.59,5214.91,5268.16,5279.42
Flickr30K-full,CLIP-L/14,text->image,31014,sqrtN,176,128,0.727273,0.307545,0.258667,0.384049,0.399829,0.344975,0.489283,22.37,2545.39,2557.98,2526.22
Flickr30K-full,CLIP-L/14,text->image,31014,sqrtN,176,176,1.0,0.307081,0.25869,0.383936,0.397962,0.344471,0.488906,22.85,1824.23,1797.07,1277.19
MSCOCO,CLIP-B/32,image->text,5000,n64,64,1,0.015625,0.28576,0.25702,0.32868,0.445108,0.410968,0.43352,-2.6,378498.27,353062.46,373254.11
MSCOCO,CLIP-B/32,image->text,5000,n64,64,2,0.03125,0.29816,0.27998,0.3672,0.527306,0.482488,0.542634,2.91,211552.46,209757.05,214924.35
MSCOCO,CLIP-B/32,image->text,5000,n64,64,4,0.0625,0.2964,0.29302,0.38322,0.53464,0.502244,0.593608,11.03,116058.02,115460.38,116788.05
MSCOCO,CLIP-B/32,image->text,5000,n64,64,8,0.125,0.28976,0.29796,0.3863,0.516172,0.505492,0.607818,17.75,61729.23,61875.29,62824.65
MSCOCO,CLIP-B/32,image->text,5000,n64,64,16,0.25,0.2826,0.29744,0.38408,0.493884,0.490746,0.603034,22.1,32125.15,32828.41,32756.02
MSCOCO,CLIP-B/32,image->text,5000,n64,64,32,0.5,0.27416,0.29652,0.37672,0.467746,0.47911,0.585126,25.09,16862.6,16731.88,16820.22
MSCOCO,CLIP-B/32,image->text,5000,n64,64,64,1.0,0.27014,0.29608,0.37284,0.44605,0.475556,0.571584,28.14,8570.73,8544.21,8551.98
MSCOCO,CLIP-B/32,image->text,5000,sqrtN,71,1,0.014085,0.2871,0.26442,0.33586,0.4323,0.409758,0.41386,-4.27,379933.44,363678.68,344383.44
MSCOCO,CLIP-B/32,image->text,5000,sqrtN,71,2,0.028169,0.30472,0.2885,0.37196,0.529358,0.485012,0.532654,0.62,206358.31,206885.99,218566.81
MSCOCO,CLIP-B/32,image->text,5000,sqrtN,71,4,0.056338,0.30296,0.30028,0.38568,0.540682,0.504138,0.590564,9.23,115972.42,114420.66,118513.46
MSCOCO,CLIP-B/32,image->text,5000,sqrtN,71,8,0.112676,0.29402,0.30432,0.39014,0.523684,0.502862,0.606332,15.78,63210.65,62709.21,62151.56
MSCOCO,CLIP-B/32,image->text,5000,sqrtN,71,16,0.225352,0.28522,0.30482,0.38688,0.498818,0.492628,0.600624,20.41,33560.38,32378.81,33247.27
MSCOCO,CLIP-B/32,image->text,5000,sqrtN,71,32,0.450704,0.27492,0.30302,0.37938,0.470192,0.481716,0.584268,24.26,16960.97,17000.34,16641.34
MSCOCO,CLIP-B/32,image->text,5000,sqrtN,71,64,0.901408,0.2706,0.30188,0.37498,0.446014,0.476786,0.568976,27.57,8515.96,8596.32,8532.68
MSCOCO,CLIP-B/32,image->text,5000,sqrtN,71,71,1.0,0.2704,0.30184,0.37496,0.444436,0.476722,0.56892,28.01,7753.65,7669.73,7748.14
MSCOCO,CLIP-B/32,text->image,5000,n64,64,1,0.015625,0.34168,0.29158,0.33924,0.40825,0.359992,0.365114,-10.57,371126.36,383373.85,384582.84
MSCOCO,CLIP-B/32,text->image,5000,n64,64,2,0.03125,0.3845,0.33622,0.3972,0.525982,0.465016,0.48332,-8.11,210022.26,212905.48,221493.75
MSCOCO,CLIP-B/32,text->image,5000,n64,64,4,0.0625,0.40378,0.35994,0.43172,0.5794,0.51647,0.565342,-2.43,118803.5,116642.02,117971.83
MSCOCO,CLIP-B/32,text->image,5000,n64,64,8,0.125,0.40478,0.371,0.449,0.587968,0.53528,0.606184,3.1,63152.12,63249.75,62184.8
MSCOCO,CLIP-B/32,text->image,5000,n64,64,16,0.25,0.39658,0.3725,0.455,0.572304,0.535068,0.623202,8.89,32744.69,32810.29,32937.25
MSCOCO,CLIP-B/32,text->image,5000,n64,64,32,0.5,0.3865,0.37048,0.45364,0.545312,0.523702,0.621082,13.89,17001.26,16686.86,16302.85
MSCOCO,CLIP-B/32,text->image,5000,n64,64,64,1.0,0.37756,0.3686,0.4506,0.524082,0.514944,0.61119,16.62,8588.18,8550.93,8476.02
MSCOCO,CLIP-B/32,text->image,5000,sqrtN,71,1,0.014085,0.34052,0.29124,0.34044,0.385354,0.339382,0.350412,-9.07,215841.0,167365.7,224245.42
MSCOCO,CLIP-B/32,text->image,5000,sqrtN,71,2,0.028169,0.38804,0.34346,0.4037,0.518486,0.460996,0.481806,-7.07,107397.31,199284.18,215432.73
MSCOCO,CLIP-B/32,text->image,5000,sqrtN,71,4,0.056338,0.4054,0.36434,0.43938,0.581916,0.517524,0.568934,-2.23,116059.37,110073.73,117534.5
MSCOCO,CLIP-B/32,text->image,5000,sqrtN,71,8,0.112676,0.40738,0.37506,0.45602,0.592688,0.535912,0.611592,3.19,63734.46,63382.76,62996.97
MSCOCO,CLIP-B/32,text->image,5000,sqrtN,71,16,0.225352,0.4009,0.37656,0.45964,0.577196,0.536408,0.6274,8.7,32796.35,32381.97,32755.96
MSCOCO,CLIP-B/32,text->image,5000,sqrtN,71,32,0.450704,0.39108,0.37528,0.45832,0.549478,0.525146,0.625934,13.91,16849.72,16873.71,16674.41
MSCOCO,CLIP-B/32,text->image,5000,sqrtN,71,64,0.901408,0.38222,0.37286,0.45524,0.527432,0.515238,0.616194,16.83,8534.33,8428.04,8555.08
MSCOCO,CLIP-B/32,text->image,5000,sqrtN,71,71,1.0,0.3813,0.37306,0.4551,0.525714,0.515012,0.615714,17.12,7766.22,7672.74,7771.84
MSCOCO,CLIP-L/14,image->text,5000,n64,64,1,0.015625,0.2802,0.29504,0.38486,0.43867,0.434272,0.453834,3.46,275353.14,272976.42,271224.69
MSCOCO,CLIP-L/14,image->text,5000,n64,64,2,0.03125,0.2934,0.32766,0.43214,0.52904,0.516168,0.571816,8.09,147772.04,150092.91,155243.34
MSCOCO,CLIP-L/14,image->text,5000,n64,64,4,0.0625,0.2887,0.34436,0.44774,0.52634,0.546246,0.635014,20.65,83005.32,82679.61,83440.55
MSCOCO,CLIP-L/14,image->text,5000,n64,64,8,0.125,0.27612,0.34448,0.44476,0.493106,0.527264,0.64332,30.46,44019.78,44372.03,44246.5
MSCOCO,CLIP-L/14,image->text,5000,n64,64,16,0.25,0.26032,0.341,0.43756,0.454144,0.502344,0.628084,38.3,22490.65,22441.93,22261.95
MSCOCO,CLIP-L/14,image->text,5000,n64,64,32,0.5,0.24352,0.33822,0.42966,0.415546,0.48492,0.60632,45.91,11420.49,11398.6,10617.03
MSCOCO,CLIP-L/14,image->text,5000,n64,64,64,1.0,0.2349,0.33806,0.42428,0.389156,0.479364,0.588278,51.17,5378.81,5671.41,5491.57
MSCOCO,CLIP-L/14,image->text,5000,sqrtN,71,1,0.014085,0.28784,0.29392,0.38302,0.444836,0.42797,0.433374,-2.58,277312.51,267935.61,274631.72
MSCOCO,CLIP-L/14,image->text,5000,sqrtN,71,2,0.028169,0.30208,0.33156,0.43116,0.533712,0.513784,0.564108,5.7,153448.61,148185.91,145863.6
MSCOCO,CLIP-L/14,image->text,5000,sqrtN,71,4,0.056338,0.29504,0.34878,0.44992,0.535844,0.544022,0.628258,17.25,81620.93,81299.09,82075.79
MSCOCO,CLIP-L/14,image->text,5000,sqrtN,71,8,0.112676,0.28004,0.35042,0.45046,0.50451,0.529794,0.6437,27.59,43471.65,43512.05,44234.67
MSCOCO,CLIP-L/14,image->text,5000,sqrtN,71,16,0.225352,0.26322,0.3464,0.44444,0.465474,0.507092,0.630916,35.54,22479.47,22415.11,22653.96
MSCOCO,CLIP-L/14,image->text,5000,sqrtN,71,32,0.450704,0.24376,0.343,0.43826,0.42335,0.491036,0.612694,44.73,11348.76,11260.04,11366.43
MSCOCO,CLIP-L/14,image->text,5000,sqrtN,71,64,0.901408,0.22664,0.34076,0.43154,0.3869,0.482694,0.594302,53.61,5776.65,5540.56,5489.03
MSCOCO,CLIP-L/14,image->text,5000,sqrtN,71,71,1.0,0.2247,0.34074,0.43148,0.384116,0.482686,0.593628,54.54,4958.76,5050.38,4976.56
MSCOCO,CLIP-L/14,text->image,5000,n64,64,1,0.015625,0.32404,0.30754,0.38286,0.403198,0.405972,0.417106,3.45,271535.47,270169.51,259173.45
MSCOCO,CLIP-L/14,text->image,5000,n64,64,2,0.03125,0.37136,0.34554,0.44038,0.53062,0.498694,0.53761,1.32,152722.59,152754.78,149084.17
MSCOCO,CLIP-L/14,text->image,5000,n64,64,4,0.0625,0.38074,0.36118,0.46528,0.569932,0.530744,0.607362,6.57,82550.89,83323.89,83392.26
MSCOCO,CLIP-L/14,text->image,5000,n64,64,8,0.125,0.37328,0.36612,0.47566,0.563456,0.536754,0.638886,13.39,44424.82,43525.61,43845.84
MSCOCO,CLIP-L/14,text->image,5000,n64,64,16,0.25,0.36418,0.36676,0.47718,0.54071,0.531732,0.648122,19.86,22612.05,22632.66,22393.11
MSCOCO,CLIP-L/14,text->image,5000,n64,64,32,0.5,0.35562,0.3646,0.47564,0.513708,0.520784,0.645146,25.59,11431.45,11274.07,11394.19
MSCOCO,CLIP-L/14,text->image,5000,n64,64,64,1.0,0.35158,0.36322,0.4734,0.497138,0.513892,0.638196,28.37,5617.21,5478.5,5680.63
MSCOCO,CLIP-L/14,text->image,5000,sqrtN,71,1,0.014085,0.32474,0.30802,0.3795,0.39406,0.402558,0.391274,-0.71,275104.68,274784.17,276175.95
MSCOCO,CLIP-L/14,text->image,5000,sqrtN,71,2,0.028169,0.372,0.34858,0.4415,0.529888,0.50259,0.527206,-0.51,152937.94,153167.5,140368.21
MSCOCO,CLIP-L/14,text->image,5000,sqrtN,71,4,0.056338,0.38134,0.3639,0.47028,0.574246,0.53363,0.605102,5.37,78551.51,81218.54,79820.95
MSCOCO,CLIP-L/14,text->image,5000,sqrtN,71,8,0.112676,0.37218,0.3689,0.47964,0.569152,0.540088,0.639626,12.38,43967.91,42661.46,43771.22
MSCOCO,CLIP-L/14,text->image,5000,sqrtN,71,16,0.225352,0.36164,0.36852,0.48158,0.54573,0.534414,0.65139,19.36,21455.49,22369.13,22559.94
MSCOCO,CLIP-L/14,text->image,5000,sqrtN,71,32,0.450704,0.35216,0.36684,0.48034,0.517286,0.522736,0.64943,25.55,11357.9,11367.59,11430.12
MSCOCO,CLIP-L/14,text->image,5000,sqrtN,71,64,0.901408,0.34712,0.36564,0.47904,0.49974,0.514532,0.643158,28.7,5518.0,5628.31,5514.34
MSCOCO,CLIP-L/14,text->image,5000,sqrtN,71,71,1.0,0.34692,0.36592,0.47884,0.498566,0.514514,0.64287,28.94,4845.79,4974.16,5036.83
MSCOCO,ImageBind,image->text,5000,n64,64,1,0.015625,0.49448,0.46598,0.53168,0.484994,0.482318,0.48226,-0.56,192387.61,189674.86,189929.92
MSCOCO,ImageBind,image->text,5000,n64,64,2,0.03125,0.54366,0.5114,0.5932,0.605646,0.586448,0.609482,0.63,106841.94,105051.07,104611.92
MSCOCO,ImageBind,image->text,5000,n64,64,4,0.0625,0.56394,0.53122,0.6216,0.667488,0.633636,0.692568,3.76,56300.22,57321.04,55628.74
MSCOCO,ImageBind,image->text,5000,n64,64,8,0.125,0.56988,0.53852,0.6307,0.695532,0.649328,0.732046,5.25,32266.83,33148.45,33017.12
MSCOCO,ImageBind,image->text,5000,n64,64,16,0.25,0.57004,0.54152,0.6335,0.704358,0.656168,0.747898,6.18,17325.53,17101.41,17060.93
MSCOCO,ImageBind,image->text,5000,n64,64,32,0.5,0.56978,0.54222,0.63392,0.702196,0.659724,0.751862,7.07,8772.66,8792.33,8786.03
MSCOCO,ImageBind,image->text,5000,n64,64,64,1.0,0.56892,0.54206,0.63312,0.696378,0.660564,0.748492,7.48,4215.33,4180.48,4108.66
MSCOCO,ImageBind,image->text,5000,sqrtN,71,1,0.014085,0.48776,0.45968,0.52178,0.464416,0.462448,0.459824,-0.99,189209.75,191101.54,185033.73
MSCOCO,ImageBind,image->text,5000,sqrtN,71,2,0.028169,0.54242,0.50806,0.59354,0.592522,0.575898,0.597026,0.76,104783.14,104018.44,106442.77
MSCOCO,ImageBind,image->text,5000,sqrtN,71,4,0.056338,0.56198,0.52578,0.62378,0.662898,0.632088,0.690204,4.12,56612.57,63794.71,63746.65
MSCOCO,ImageBind,image->text,5000,sqrtN,71,8,0.112676,0.57032,0.53212,0.63398,0.696848,0.64957,0.73261,5.13,31943.11,32508.51,32367.99
MSCOCO,ImageBind,image->text,5000,sqrtN,71,16,0.225352,0.57068,0.53502,0.63596,0.706824,0.65517,0.748914,5.95,15830.37,16640.72,17226.35
MSCOCO,ImageBind,image->text,5000,sqrtN,71,32,0.450704,0.56974,0.53584,0.63656,0.704326,0.657642,0.752934,6.9,8812.51,8809.45,8849.38
MSCOCO,ImageBind,image->text,5000,sqrtN,71,64,0.901408,0.56882,0.5361,0.63604,0.697836,0.658002,0.75051,7.55,4165.94,4167.79,4151.49
MSCOCO,ImageBind,image->text,5000,sqrtN,71,71,1.0,0.56876,0.53618,0.636,0.697304,0.657886,0.750248,7.59,3715.59,3564.7,3763.06
MSCOCO,ImageBind,text->image,5000,n64,64,1,0.015625,0.47092,0.44488,0.52868,0.484478,0.480932,0.476764,-1.59,184469.17,190584.37,166624.46
MSCOCO,ImageBind,text->image,5000,n64,64,2,0.03125,0.52422,0.48908,0.5996,0.60302,0.584924,0.632258,4.85,120398.37,120056.67,121205.66
MSCOCO,ImageBind,text->image,5000,n64,64,4,0.0625,0.54382,0.50244,0.62238,0.649032,0.61659,0.706344,8.83,63280.81,63400.85,65122.57
MSCOCO,ImageBind,text->image,5000,n64,64,8,0.125,0.5517,0.50706,0.63026,0.663756,0.622104,0.738288,11.23,34013.4,33301.76,33320.25
MSCOCO,ImageBind,text->image,5000,n64,64,16,0.25,0.55406,0.50762,0.63272,0.667352,0.619446,0.747854,12.06,17296.43,17170.21,17187.88
MSCOCO,ImageBind,text->image,5000,n64,64,32,0.5,0.5549,0.50684,0.63128,0.668576,0.617354,0.74999,12.18,8784.28,8910.15,8796.26
MSCOCO,ImageBind,text->image,5000,n64,64,64,1.0,0.55486,0.50724,0.6312,0.669316,0.616712,0.749998,12.05,4159.37,4157.93,4166.02
MSCOCO,ImageBind,text->image,5000,sqrtN,71,1,0.014085,0.45758,0.43898,0.524,0.468746,0.468882,0.470158,0.3,214006.29,210862.81,214207.99
MSCOCO,ImageBind,text->image,5000,sqrtN,71,2,0.028169,0.51982,0.48776,0.59236,0.59113,0.57848,0.618938,4.7,118805.77,118172.86,116821.61
MSCOCO,ImageBind,text->image,5000,sqrtN,71,4,0.056338,0.54278,0.50272,0.61994,0.647538,0.6172,0.699392,8.01,63759.33,64776.32,64537.2
MSCOCO,ImageBind,text->image,5000,sqrtN,71,8,0.112676,0.5518,0.50732,0.63042,0.664656,0.622998,0.736272,10.77,33436.61,33933.25,32826.38
MSCOCO,ImageBind,text->image,5000,sqrtN,71,16,0.225352,0.55418,0.50862,0.63302,0.668368,0.620696,0.748578,12.0,17165.61,17065.14,17356.81
MSCOCO,ImageBind,text->image,5000,sqrtN,71,32,0.450704,0.55472,0.50866,0.63142,0.669732,0.618332,0.751526,12.21,8783.53,8799.05,8873.89
MSCOCO,ImageBind,text->image,5000,sqrtN,71,64,0.901408,0.55534,0.50834,0.63052,0.670488,0.617616,0.751,12.01,4138.79,4164.9,4117.57
MSCOCO,ImageBind,text->image,5000,sqrtN,71,71,1.0,0.55528,0.50838,0.63046,0.670532,0.61773,0.750958,11.99,3665.39,3681.15,3662.9
