backbone,dataset,method,alpha,direction,nprobe,nlist,rerank_k,r10,r100,qps,bytes_per_vec,n_vectors,d,seed
clip,mscoco,vanilla_rabitq,0.0,text->image,8,71,0,0.4074,0.5927,34517.18,72,5000,512,42
clip,mscoco,vanilla_rabitq,0.0,text->image,8,71,100,0.8676,0.5927,9125.42,72,5000,512,42
clip,mscoco,vanilla_rabitq,0.0,text->image,8,71,200,0.9115,0.7545,7749.44,72,5000,512,42
clip,mscoco,vanilla_rabitq,0.0,text->image,8,71,250,0.917,0.7843,6834.33,72,5000,512,42
clip,mscoco,vanilla_rabitq,0.0,text->image,8,71,300,0.9197,0.802,6664.8,72,5000,512,42
clip,mscoco,vanilla_rabitq,0.0,text->image,8,71,350,0.9215,0.8124,6729.21,72,5000,512,42
clip,mscoco,vanilla_rabitq,0.0,text->image,8,71,400,0.9226,0.8186,6310.91,72,5000,512,42
clip,mscoco,vanilla_rabitq,0.0,text->image,8,71,450,0.9231,0.822,6135.97,72,5000,512,42
clip,mscoco,vanilla_rabitq,0.0,text->image,8,71,500,0.9232,0.8236,5563.71,72,5000,512,42
clip,mscoco,vanilla_rabitq_meanshift,0.0,text->image,8,71,0,0.3751,0.5359,51092.41,72,5000,512,42
clip,mscoco,vanilla_rabitq_meanshift,0.0,text->image,8,71,100,0.7994,0.5359,10840.55,72,5000,512,42
clip,mscoco,vanilla_rabitq_meanshift,0.0,text->image,8,71,200,0.855,0.6828,8473.56,72,5000,512,42
clip,mscoco,vanilla_rabitq_meanshift,0.0,text->image,8,71,250,0.8646,0.7144,7807.16,72,5000,512,42
clip,mscoco,vanilla_rabitq_meanshift,0.0,text->image,8,71,300,0.87,0.7344,7407.43,72,5000,512,42
clip,mscoco,vanilla_rabitq_meanshift,0.0,text->image,8,71,350,0.8734,0.7476,7022.07,72,5000,512,42
clip,mscoco,vanilla_rabitq_meanshift,0.0,text->image,8,71,400,0.8757,0.7565,6453.93,72,5000,512,42
clip,mscoco,vanilla_rabitq_meanshift,0.0,text->image,8,71,450,0.8773,0.7624,6020.79,72,5000,512,42
clip,mscoco,vanilla_rabitq_meanshift,0.0,text->image,8,71,500,0.8782,0.766,5558.52,72,5000,512,42
clip,mscoco,pmc_1.00,1.0,text->image,8,71,0,0.456,0.6116,49456.42,72,5000,512,42
clip,mscoco,pmc_1.00,1.0,text->image,8,71,100,0.8692,0.6116,7972.66,72,5000,512,42
clip,mscoco,pmc_1.00,1.0,text->image,8,71,200,0.8897,0.7418,6530.9,72,5000,512,42
clip,mscoco,pmc_1.00,1.0,text->image,8,71,250,0.8917,0.7596,5650.78,72,5000,512,42
clip,mscoco,pmc_1.00,1.0,text->image,8,71,300,0.8924,0.7686,5083.07,72,5000,512,42
clip,mscoco,pmc_1.00,1.0,text->image,8,71,350,0.8927,0.7733,5770.63,72,5000,512,42
clip,mscoco,pmc_1.00,1.0,text->image,8,71,400,0.893,0.7756,7515.52,72,5000,512,42
clip,mscoco,pmc_1.00,1.0,text->image,8,71,450,0.893,0.7767,5360.5,72,5000,512,42
clip,mscoco,pmc_1.00,1.0,text->image,8,71,500,0.8931,0.7772,4262.93,72,5000,512,42
clip,mscoco,vanilla_rabitq,0.0,text->image,16,71,0,0.4009,0.5772,30420.21,72,5000,512,42
clip,mscoco,vanilla_rabitq,0.0,text->image,16,71,100,0.8762,0.5772,7179.7,72,5000,512,42
clip,mscoco,vanilla_rabitq,0.0,text->image,16,71,200,0.9388,0.7603,7698.26,72,5000,512,42
clip,mscoco,vanilla_rabitq,0.0,text->image,16,71,250,0.9501,0.8043,6457.59,72,5000,512,42
clip,mscoco,vanilla_rabitq,0.0,text->image,16,71,300,0.9574,0.8347,4297.75,72,5000,512,42
clip,mscoco,vanilla_rabitq,0.0,text->image,16,71,350,0.9616,0.8563,4384.93,72,5000,512,42
clip,mscoco,vanilla_rabitq,0.0,text->image,16,71,400,0.9645,0.8724,4645.1,72,5000,512,42
clip,mscoco,vanilla_rabitq,0.0,text->image,16,71,450,0.9666,0.8843,4642.16,72,5000,512,42
clip,mscoco,vanilla_rabitq,0.0,text->image,16,71,500,0.968,0.8934,4290.33,72,5000,512,42
clip,mscoco,vanilla_rabitq_meanshift,0.0,text->image,16,71,0,0.3766,0.5364,14336.38,72,5000,512,42
clip,mscoco,vanilla_rabitq_meanshift,0.0,text->image,16,71,100,0.8205,0.5364,9334.4,72,5000,512,42
clip,mscoco,vanilla_rabitq_meanshift,0.0,text->image,16,71,200,0.8901,0.7006,5482.96,72,5000,512,42
clip,mscoco,vanilla_rabitq_meanshift,0.0,text->image,16,71,250,0.9058,0.7424,8427.69,72,5000,512,42
clip,mscoco,vanilla_rabitq_meanshift,0.0,text->image,16,71,300,0.9155,0.7724,5417.34,72,5000,512,42
clip,mscoco,vanilla_rabitq_meanshift,0.0,text->image,16,71,350,0.9222,0.7949,4409.85,72,5000,512,42
clip,mscoco,vanilla_rabitq_meanshift,0.0,text->image,16,71,400,0.9276,0.8125,5466.89,72,5000,512,42
clip,mscoco,vanilla_rabitq_meanshift,0.0,text->image,16,71,450,0.9312,0.8264,4363.82,72,5000,512,42
clip,mscoco,vanilla_rabitq_meanshift,0.0,text->image,16,71,500,0.9342,0.8377,4007.64,72,5000,512,42
clip,mscoco,pmc_1.00,1.0,text->image,16,71,0,0.4596,0.6274,15876.12,72,5000,512,42
clip,mscoco,pmc_1.00,1.0,text->image,16,71,100,0.9095,0.6274,9906.58,72,5000,512,42
clip,mscoco,pmc_1.00,1.0,text->image,16,71,200,0.9427,0.7927,5560.65,72,5000,512,42
clip,mscoco,pmc_1.00,1.0,text->image,16,71,250,0.9478,0.824,6626.98,72,5000,512,42
clip,mscoco,pmc_1.00,1.0,text->image,16,71,300,0.9501,0.8434,6676.39,72,5000,512,42
clip,mscoco,pmc_1.00,1.0,text->image,16,71,350,0.9518,0.856,4440.37,72,5000,512,42
clip,mscoco,pmc_1.00,1.0,text->image,16,71,400,0.9528,0.8648,4233.41,72,5000,512,42
clip,mscoco,pmc_1.00,1.0,text->image,16,71,450,0.9533,0.8708,4331.1,72,5000,512,42
clip,mscoco,pmc_1.00,1.0,text->image,16,71,500,0.9536,0.875,5538.97,72,5000,512,42
clip,mscoco,vanilla_rabitq,0.0,text->image,64,71,0,0.3822,0.5274,7403.46,72,5000,512,42
clip,mscoco,vanilla_rabitq,0.0,text->image,64,71,100,0.8435,0.5274,5129.38,72,5000,512,42
clip,mscoco,vanilla_rabitq,0.0,text->image,64,71,200,0.911,0.6914,4261.59,72,5000,512,42
clip,mscoco,vanilla_rabitq,0.0,text->image,64,71,250,0.9277,0.7345,4599.43,72,5000,512,42
clip,mscoco,vanilla_rabitq,0.0,text->image,64,71,300,0.9395,0.7669,4260.0,72,5000,512,42
clip,mscoco,vanilla_rabitq,0.0,text->image,64,71,350,0.9478,0.7926,3909.17,72,5000,512,42
clip,mscoco,vanilla_rabitq,0.0,text->image,64,71,400,0.9542,0.8138,3916.88,72,5000,512,42
clip,mscoco,vanilla_rabitq,0.0,text->image,64,71,450,0.9601,0.8316,3560.77,72,5000,512,42
clip,mscoco,vanilla_rabitq,0.0,text->image,64,71,500,0.964,0.8469,3484.36,72,5000,512,42
clip,mscoco,vanilla_rabitq_meanshift,0.0,text->image,64,71,0,0.3728,0.5152,8382.88,72,5000,512,42
clip,mscoco,vanilla_rabitq_meanshift,0.0,text->image,64,71,100,0.81,0.5152,5048.32,72,5000,512,42
clip,mscoco,vanilla_rabitq_meanshift,0.0,text->image,64,71,200,0.8848,0.6725,4446.54,72,5000,512,42
clip,mscoco,vanilla_rabitq_meanshift,0.0,text->image,64,71,250,0.903,0.7144,3985.84,72,5000,512,42
clip,mscoco,vanilla_rabitq_meanshift,0.0,text->image,64,71,300,0.9161,0.7457,4554.47,72,5000,512,42
clip,mscoco,vanilla_rabitq_meanshift,0.0,text->image,64,71,350,0.9255,0.7704,4451.1,72,5000,512,42
clip,mscoco,vanilla_rabitq_meanshift,0.0,text->image,64,71,400,0.9341,0.7906,4346.08,72,5000,512,42
clip,mscoco,vanilla_rabitq_meanshift,0.0,text->image,64,71,450,0.9405,0.8079,4051.0,72,5000,512,42
clip,mscoco,vanilla_rabitq_meanshift,0.0,text->image,64,71,500,0.9464,0.8226,4175.32,72,5000,512,42
clip,mscoco,pmc_1.00,1.0,text->image,64,71,0,0.4552,0.6162,8550.36,72,5000,512,42
clip,mscoco,pmc_1.00,1.0,text->image,64,71,100,0.9206,0.6162,5908.3,72,5000,512,42
clip,mscoco,pmc_1.00,1.0,text->image,64,71,200,0.9655,0.7965,5207.84,72,5000,512,42
clip,mscoco,pmc_1.00,1.0,text->image,64,71,250,0.9738,0.8372,5043.19,72,5000,512,42
clip,mscoco,pmc_1.00,1.0,text->image,64,71,300,0.9795,0.8662,4696.34,72,5000,512,42
clip,mscoco,pmc_1.00,1.0,text->image,64,71,350,0.9835,0.8878,4405.1,72,5000,512,42
clip,mscoco,pmc_1.00,1.0,text->image,64,71,400,0.9865,0.904,4199.36,72,5000,512,42
clip,mscoco,pmc_1.00,1.0,text->image,64,71,450,0.9884,0.9165,4287.56,72,5000,512,42
clip,mscoco,pmc_1.00,1.0,text->image,64,71,500,0.9901,0.927,3565.88,72,5000,512,42
clip,mscoco,vanilla_rabitq,0.0,image->text,8,71,0,0.294,0.5237,56247.21,72,5000,512,42
clip,mscoco,vanilla_rabitq,0.0,image->text,8,71,100,0.7667,0.5237,14194.06,72,5000,512,42
clip,mscoco,vanilla_rabitq,0.0,image->text,8,71,200,0.8705,0.6955,10769.86,72,5000,512,42
clip,mscoco,vanilla_rabitq,0.0,image->text,8,71,250,0.8955,0.7441,8954.19,72,5000,512,42
clip,mscoco,vanilla_rabitq,0.0,image->text,8,71,300,0.912,0.7788,9284.29,72,5000,512,42
clip,mscoco,vanilla_rabitq,0.0,image->text,8,71,350,0.923,0.8041,8580.22,72,5000,512,42
clip,mscoco,vanilla_rabitq,0.0,image->text,8,71,400,0.9301,0.8224,8016.4,72,5000,512,42
clip,mscoco,vanilla_rabitq,0.0,image->text,8,71,450,0.9351,0.8358,7525.11,72,5000,512,42
clip,mscoco,vanilla_rabitq,0.0,image->text,8,71,500,0.9385,0.8448,7034.54,72,5000,512,42
clip,mscoco,vanilla_rabitq_meanshift,0.0,image->text,8,71,0,0.3043,0.5029,45433.23,72,5000,512,42
clip,mscoco,vanilla_rabitq_meanshift,0.0,image->text,8,71,100,0.7374,0.5029,13874.16,72,5000,512,42
clip,mscoco,vanilla_rabitq_meanshift,0.0,image->text,8,71,200,0.8239,0.6488,11205.82,72,5000,512,42
clip,mscoco,vanilla_rabitq_meanshift,0.0,image->text,8,71,250,0.8454,0.6892,10273.68,72,5000,512,42
clip,mscoco,vanilla_rabitq_meanshift,0.0,image->text,8,71,300,0.8599,0.7189,9369.61,72,5000,512,42
clip,mscoco,vanilla_rabitq_meanshift,0.0,image->text,8,71,350,0.8706,0.7413,8339.41,72,5000,512,42
clip,mscoco,vanilla_rabitq_meanshift,0.0,image->text,8,71,400,0.8788,0.7584,8117.56,72,5000,512,42
clip,mscoco,vanilla_rabitq_meanshift,0.0,image->text,8,71,450,0.885,0.7721,7653.96,72,5000,512,42
clip,mscoco,vanilla_rabitq_meanshift,0.0,image->text,8,71,500,0.8899,0.7831,7114.32,72,5000,512,42
clip,mscoco,pmc_1.00,1.0,image->text,8,71,0,0.3901,0.6063,49611.79,72,5000,512,42
clip,mscoco,pmc_1.00,1.0,image->text,8,71,100,0.8666,0.6063,13873.83,72,5000,512,42
clip,mscoco,pmc_1.00,1.0,image->text,8,71,200,0.9101,0.7579,10988.81,72,5000,512,42
clip,mscoco,pmc_1.00,1.0,image->text,8,71,250,0.9166,0.7869,10094.79,72,5000,512,42
clip,mscoco,pmc_1.00,1.0,image->text,8,71,300,0.9202,0.8044,9393.2,72,5000,512,42
clip,mscoco,pmc_1.00,1.0,image->text,8,71,350,0.922,0.8155,8686.71,72,5000,512,42
clip,mscoco,pmc_1.00,1.0,image->text,8,71,400,0.9229,0.8225,8227.9,72,5000,512,42
clip,mscoco,pmc_1.00,1.0,image->text,8,71,450,0.9234,0.8268,7640.12,72,5000,512,42
clip,mscoco,pmc_1.00,1.0,image->text,8,71,500,0.9236,0.8292,7144.61,72,5000,512,42
clip,mscoco,vanilla_rabitq,0.0,image->text,16,71,0,0.2852,0.4988,28458.75,72,5000,512,42
clip,mscoco,vanilla_rabitq,0.0,image->text,16,71,100,0.7442,0.4988,11368.82,72,5000,512,42
clip,mscoco,vanilla_rabitq,0.0,image->text,16,71,200,0.8509,0.6649,9617.54,72,5000,512,42
clip,mscoco,vanilla_rabitq,0.0,image->text,16,71,250,0.878,0.7146,8680.13,72,5000,512,42
clip,mscoco,vanilla_rabitq,0.0,image->text,16,71,300,0.8996,0.754,8228.54,72,5000,512,42
clip,mscoco,vanilla_rabitq,0.0,image->text,16,71,350,0.9154,0.7859,7690.77,72,5000,512,42
clip,mscoco,vanilla_rabitq,0.0,image->text,16,71,400,0.9288,0.8123,7257.78,72,5000,512,42
clip,mscoco,vanilla_rabitq,0.0,image->text,16,71,450,0.939,0.8345,6798.54,72,5000,512,42
clip,mscoco,vanilla_rabitq,0.0,image->text,16,71,500,0.9477,0.8535,6537.97,72,5000,512,42
clip,mscoco,vanilla_rabitq_meanshift,0.0,image->text,16,71,0,0.3048,0.4926,26559.18,72,5000,512,42
clip,mscoco,vanilla_rabitq_meanshift,0.0,image->text,16,71,100,0.733,0.4926,11526.13,72,5000,512,42
clip,mscoco,vanilla_rabitq_meanshift,0.0,image->text,16,71,200,0.8257,0.6384,9318.96,72,5000,512,42
clip,mscoco,vanilla_rabitq_meanshift,0.0,image->text,16,71,250,0.8494,0.6806,8516.81,72,5000,512,42
clip,mscoco,vanilla_rabitq_meanshift,0.0,image->text,16,71,300,0.8673,0.7141,8288.31,72,5000,512,42
clip,mscoco,vanilla_rabitq_meanshift,0.0,image->text,16,71,350,0.8819,0.7411,7798.64,72,5000,512,42
clip,mscoco,vanilla_rabitq_meanshift,0.0,image->text,16,71,400,0.8933,0.7634,7190.45,72,5000,512,42
clip,mscoco,vanilla_rabitq_meanshift,0.0,image->text,16,71,450,0.9026,0.7822,6379.13,72,5000,512,42
clip,mscoco,vanilla_rabitq_meanshift,0.0,image->text,16,71,500,0.9102,0.7983,6207.95,72,5000,512,42
clip,mscoco,pmc_1.00,1.0,image->text,16,71,0,0.3869,0.6006,28738.51,72,5000,512,42
clip,mscoco,pmc_1.00,1.0,image->text,16,71,100,0.8767,0.6006,11874.95,72,5000,512,42
clip,mscoco,pmc_1.00,1.0,image->text,16,71,200,0.9345,0.7715,9174.96,72,5000,512,42
clip,mscoco,pmc_1.00,1.0,image->text,16,71,250,0.945,0.8114,9113.14,72,5000,512,42
clip,mscoco,pmc_1.00,1.0,image->text,16,71,300,0.9519,0.838,8283.09,72,5000,512,42
clip,mscoco,pmc_1.00,1.0,image->text,16,71,350,0.9557,0.8571,7768.63,72,5000,512,42
clip,mscoco,pmc_1.00,1.0,image->text,16,71,400,0.9592,0.8713,7141.12,72,5000,512,42
clip,mscoco,pmc_1.00,1.0,image->text,16,71,450,0.961,0.882,6810.85,72,5000,512,42
clip,mscoco,pmc_1.00,1.0,image->text,16,71,500,0.9627,0.89,6225.71,72,5000,512,42
clip,mscoco,vanilla_rabitq,0.0,image->text,64,71,0,0.2706,0.446,9087.06,72,5000,512,42
clip,mscoco,vanilla_rabitq,0.0,image->text,64,71,100,0.6958,0.446,6106.15,72,5000,512,42
clip,mscoco,vanilla_rabitq,0.0,image->text,64,71,200,0.7985,0.5925,5266.0,72,5000,512,42
clip,mscoco,vanilla_rabitq,0.0,image->text,64,71,250,0.826,0.6358,4870.6,72,5000,512,42
clip,mscoco,vanilla_rabitq,0.0,image->text,64,71,300,0.8456,0.6697,4852.82,72,5000,512,42
clip,mscoco,vanilla_rabitq,0.0,image->text,64,71,350,0.861,0.6974,4652.01,72,5000,512,42
clip,mscoco,vanilla_rabitq,0.0,image->text,64,71,400,0.875,0.721,4455.1,72,5000,512,42
clip,mscoco,vanilla_rabitq,0.0,image->text,64,71,450,0.8868,0.7414,4229.87,72,5000,512,42
clip,mscoco,vanilla_rabitq,0.0,image->text,64,71,500,0.896,0.759,4118.1,72,5000,512,42
clip,mscoco,vanilla_rabitq_meanshift,0.0,image->text,64,71,0,0.3019,0.4768,8409.67,72,5000,512,42
clip,mscoco,vanilla_rabitq_meanshift,0.0,image->text,64,71,100,0.7201,0.4768,6119.35,72,5000,512,42
clip,mscoco,vanilla_rabitq_meanshift,0.0,image->text,64,71,200,0.8088,0.6147,5145.19,72,5000,512,42
clip,mscoco,vanilla_rabitq_meanshift,0.0,image->text,64,71,250,0.8338,0.6553,5065.38,72,5000,512,42
clip,mscoco,vanilla_rabitq_meanshift,0.0,image->text,64,71,300,0.8524,0.6872,4871.77,72,5000,512,42
clip,mscoco,vanilla_rabitq_meanshift,0.0,image->text,64,71,350,0.866,0.7136,4631.05,72,5000,512,42
clip,mscoco,vanilla_rabitq_meanshift,0.0,image->text,64,71,400,0.8782,0.7356,4582.01,72,5000,512,42
clip,mscoco,vanilla_rabitq_meanshift,0.0,image->text,64,71,450,0.8883,0.7549,4104.64,72,5000,512,42
clip,mscoco,vanilla_rabitq_meanshift,0.0,image->text,64,71,500,0.8971,0.7718,4133.34,72,5000,512,42
clip,mscoco,pmc_1.00,1.0,image->text,64,71,0,0.375,0.569,9107.6,72,5000,512,42
clip,mscoco,pmc_1.00,1.0,image->text,64,71,100,0.8662,0.569,5852.11,72,5000,512,42
clip,mscoco,pmc_1.00,1.0,image->text,64,71,200,0.9351,0.7455,5351.33,72,5000,512,42
clip,mscoco,pmc_1.00,1.0,image->text,64,71,250,0.9512,0.7909,5033.9,72,5000,512,42
clip,mscoco,pmc_1.00,1.0,image->text,64,71,300,0.9609,0.824,4836.0,72,5000,512,42
clip,mscoco,pmc_1.00,1.0,image->text,64,71,350,0.9683,0.8495,4514.74,72,5000,512,42
clip,mscoco,pmc_1.00,1.0,image->text,64,71,400,0.9732,0.8696,4445.27,72,5000,512,42
clip,mscoco,pmc_1.00,1.0,image->text,64,71,450,0.9773,0.8858,4275.65,72,5000,512,42
clip,mscoco,pmc_1.00,1.0,image->text,64,71,500,0.9804,0.8993,4131.43,72,5000,512,42
clip-l,mscoco,vanilla_rabitq,0.0,text->image,8,71,0,0.3722,0.5692,43487.64,104,5000,768,42
clip-l,mscoco,vanilla_rabitq,0.0,text->image,8,71,100,0.8512,0.5692,11822.04,104,5000,768,42
clip-l,mscoco,vanilla_rabitq,0.0,text->image,8,71,200,0.9039,0.7362,9391.2,104,5000,768,42
clip-l,mscoco,vanilla_rabitq,0.0,text->image,8,71,250,0.9127,0.7721,8351.72,104,5000,768,42
clip-l,mscoco,vanilla_rabitq,0.0,text->image,8,71,300,0.9184,0.7952,7470.8,104,5000,768,42
clip-l,mscoco,vanilla_rabitq,0.0,text->image,8,71,350,0.9222,0.8107,3296.07,104,5000,768,42
clip-l,mscoco,vanilla_rabitq,0.0,text->image,8,71,400,0.9245,0.8211,2777.08,104,5000,768,42
clip-l,mscoco,vanilla_rabitq,0.0,text->image,8,71,450,0.9261,0.8281,2772.03,104,5000,768,42
clip-l,mscoco,vanilla_rabitq,0.0,text->image,8,71,500,0.9275,0.8328,2431.06,104,5000,768,42
clip-l,mscoco,vanilla_rabitq_meanshift,0.0,text->image,8,71,0,0.3689,0.5401,39380.47,104,5000,768,42
clip-l,mscoco,vanilla_rabitq_meanshift,0.0,text->image,8,71,100,0.8154,0.5401,11582.58,104,5000,768,42
clip-l,mscoco,vanilla_rabitq_meanshift,0.0,text->image,8,71,200,0.8808,0.6918,9202.57,104,5000,768,42
clip-l,mscoco,vanilla_rabitq_meanshift,0.0,text->image,8,71,250,0.8942,0.7285,8214.93,104,5000,768,42
clip-l,mscoco,vanilla_rabitq_meanshift,0.0,text->image,8,71,300,0.9032,0.7541,7527.13,104,5000,768,42
clip-l,mscoco,vanilla_rabitq_meanshift,0.0,text->image,8,71,350,0.9098,0.773,3320.29,104,5000,768,42
clip-l,mscoco,vanilla_rabitq_meanshift,0.0,text->image,8,71,400,0.9152,0.7874,2770.46,104,5000,768,42
clip-l,mscoco,vanilla_rabitq_meanshift,0.0,text->image,8,71,450,0.9188,0.7985,2777.14,104,5000,768,42
clip-l,mscoco,vanilla_rabitq_meanshift,0.0,text->image,8,71,500,0.9221,0.8074,2403.8,104,5000,768,42
clip-l,mscoco,pmc_1.00,1.0,text->image,8,71,0,0.4796,0.6396,39291.53,104,5000,768,42
clip-l,mscoco,pmc_1.00,1.0,text->image,8,71,100,0.8931,0.6396,11427.5,104,5000,768,42
clip-l,mscoco,pmc_1.00,1.0,text->image,8,71,200,0.915,0.7704,9212.44,104,5000,768,42
clip-l,mscoco,pmc_1.00,1.0,text->image,8,71,250,0.9171,0.7884,8039.36,104,5000,768,42
clip-l,mscoco,pmc_1.00,1.0,text->image,8,71,300,0.9181,0.7978,7424.25,104,5000,768,42
clip-l,mscoco,pmc_1.00,1.0,text->image,8,71,350,0.9187,0.803,3271.86,104,5000,768,42
clip-l,mscoco,pmc_1.00,1.0,text->image,8,71,400,0.9192,0.8057,2784.4,104,5000,768,42
clip-l,mscoco,pmc_1.00,1.0,text->image,8,71,450,0.9193,0.8072,2695.38,104,5000,768,42
clip-l,mscoco,pmc_1.00,1.0,text->image,8,71,500,0.9194,0.8079,2421.55,104,5000,768,42
clip-l,mscoco,vanilla_rabitq,0.0,text->image,16,71,0,0.3616,0.5457,20586.98,104,5000,768,42
clip-l,mscoco,vanilla_rabitq,0.0,text->image,16,71,100,0.8508,0.5457,9405.08,104,5000,768,42
clip-l,mscoco,vanilla_rabitq,0.0,text->image,16,71,200,0.9194,0.725,7638.19,104,5000,768,42
clip-l,mscoco,vanilla_rabitq,0.0,text->image,16,71,250,0.9329,0.7707,6969.55,104,5000,768,42
clip-l,mscoco,vanilla_rabitq,0.0,text->image,16,71,300,0.9418,0.8034,6421.66,104,5000,768,42
clip-l,mscoco,vanilla_rabitq,0.0,text->image,16,71,350,0.9484,0.8276,3132.63,104,5000,768,42
clip-l,mscoco,vanilla_rabitq,0.0,text->image,16,71,400,0.9527,0.8462,2652.19,104,5000,768,42
clip-l,mscoco,vanilla_rabitq,0.0,text->image,16,71,450,0.9562,0.8609,2572.59,104,5000,768,42
clip-l,mscoco,vanilla_rabitq,0.0,text->image,16,71,500,0.9589,0.8725,2335.53,104,5000,768,42
clip-l,mscoco,vanilla_rabitq_meanshift,0.0,text->image,16,71,0,0.3685,0.5344,19163.15,104,5000,768,42
clip-l,mscoco,vanilla_rabitq_meanshift,0.0,text->image,16,71,100,0.8174,0.5344,9327.23,104,5000,768,42
clip-l,mscoco,vanilla_rabitq_meanshift,0.0,text->image,16,71,200,0.8909,0.69,7686.95,104,5000,768,42
clip-l,mscoco,vanilla_rabitq_meanshift,0.0,text->image,16,71,250,0.9064,0.7312,6773.34,104,5000,768,42
clip-l,mscoco,vanilla_rabitq_meanshift,0.0,text->image,16,71,300,0.9189,0.7622,6390.64,104,5000,768,42
clip-l,mscoco,vanilla_rabitq_meanshift,0.0,text->image,16,71,350,0.9275,0.7861,3070.23,104,5000,768,42
clip-l,mscoco,vanilla_rabitq_meanshift,0.0,text->image,16,71,400,0.9338,0.8053,2583.31,104,5000,768,42
clip-l,mscoco,vanilla_rabitq_meanshift,0.0,text->image,16,71,450,0.9392,0.8214,2604.11,104,5000,768,42
clip-l,mscoco,vanilla_rabitq_meanshift,0.0,text->image,16,71,500,0.9439,0.8344,2319.88,104,5000,768,42
clip-l,mscoco,pmc_1.00,1.0,text->image,16,71,0,0.4816,0.6514,20366.67,104,5000,768,42
clip-l,mscoco,pmc_1.00,1.0,text->image,16,71,100,0.9222,0.6514,9103.53,104,5000,768,42
clip-l,mscoco,pmc_1.00,1.0,text->image,16,71,200,0.9526,0.8116,7658.75,104,5000,768,42
clip-l,mscoco,pmc_1.00,1.0,text->image,16,71,250,0.9571,0.8413,7041.06,104,5000,768,42
clip-l,mscoco,pmc_1.00,1.0,text->image,16,71,300,0.9595,0.8599,6267.21,104,5000,768,42
clip-l,mscoco,pmc_1.00,1.0,text->image,16,71,350,0.9611,0.8721,3074.17,104,5000,768,42
clip-l,mscoco,pmc_1.00,1.0,text->image,16,71,400,0.9622,0.8803,2642.4,104,5000,768,42
clip-l,mscoco,pmc_1.00,1.0,text->image,16,71,450,0.9629,0.8861,2642.78,104,5000,768,42
clip-l,mscoco,pmc_1.00,1.0,text->image,16,71,500,0.9634,0.8903,2302.55,104,5000,768,42
clip-l,mscoco,vanilla_rabitq,0.0,text->image,64,71,0,0.3471,0.4997,5856.58,104,5000,768,42
clip-l,mscoco,vanilla_rabitq,0.0,text->image,64,71,100,0.8201,0.4997,4370.89,104,5000,768,42
clip-l,mscoco,vanilla_rabitq,0.0,text->image,64,71,200,0.8959,0.661,3958.48,104,5000,768,42
clip-l,mscoco,vanilla_rabitq,0.0,text->image,64,71,250,0.9135,0.7055,3810.13,104,5000,768,42
clip-l,mscoco,vanilla_rabitq,0.0,text->image,64,71,300,0.9263,0.74,3560.99,104,5000,768,42
clip-l,mscoco,vanilla_rabitq,0.0,text->image,64,71,350,0.9357,0.7676,2204.59,104,5000,768,42
clip-l,mscoco,vanilla_rabitq,0.0,text->image,64,71,400,0.9437,0.7903,1944.49,104,5000,768,42
clip-l,mscoco,vanilla_rabitq,0.0,text->image,64,71,450,0.95,0.8095,1945.61,104,5000,768,42
clip-l,mscoco,vanilla_rabitq,0.0,text->image,64,71,500,0.9547,0.8257,1735.34,104,5000,768,42
clip-l,mscoco,vanilla_rabitq_meanshift,0.0,text->image,64,71,0,0.3656,0.5145,6077.86,104,5000,768,42
clip-l,mscoco,vanilla_rabitq_meanshift,0.0,text->image,64,71,100,0.8004,0.5145,4301.63,104,5000,768,42
clip-l,mscoco,vanilla_rabitq_meanshift,0.0,text->image,64,71,200,0.8732,0.6572,3851.52,104,5000,768,42
clip-l,mscoco,vanilla_rabitq_meanshift,0.0,text->image,64,71,250,0.8906,0.6955,3771.88,104,5000,768,42
clip-l,mscoco,vanilla_rabitq_meanshift,0.0,text->image,64,71,300,0.9031,0.7247,3647.88,104,5000,768,42
clip-l,mscoco,vanilla_rabitq_meanshift,0.0,text->image,64,71,350,0.9127,0.7479,2197.13,104,5000,768,42
clip-l,mscoco,vanilla_rabitq_meanshift,0.0,text->image,64,71,400,0.9203,0.7672,1951.82,104,5000,768,42
clip-l,mscoco,vanilla_rabitq_meanshift,0.0,text->image,64,71,450,0.927,0.7835,1952.4,104,5000,768,42
clip-l,mscoco,vanilla_rabitq_meanshift,0.0,text->image,64,71,500,0.9327,0.7979,1773.0,104,5000,768,42
clip-l,mscoco,pmc_1.00,1.0,text->image,64,71,0,0.479,0.6432,6176.68,104,5000,768,42
clip-l,mscoco,pmc_1.00,1.0,text->image,64,71,100,0.9314,0.6432,4328.15,104,5000,768,42
clip-l,mscoco,pmc_1.00,1.0,text->image,64,71,200,0.9686,0.813,3874.48,104,5000,768,42
clip-l,mscoco,pmc_1.00,1.0,text->image,64,71,250,0.9759,0.8506,3704.49,104,5000,768,42
clip-l,mscoco,pmc_1.00,1.0,text->image,64,71,300,0.9805,0.8761,3558.23,104,5000,768,42
clip-l,mscoco,pmc_1.00,1.0,text->image,64,71,350,0.9834,0.8951,2165.11,104,5000,768,42
clip-l,mscoco,pmc_1.00,1.0,text->image,64,71,400,0.986,0.91,1956.21,104,5000,768,42
clip-l,mscoco,pmc_1.00,1.0,text->image,64,71,450,0.9878,0.9213,1947.89,104,5000,768,42
clip-l,mscoco,pmc_1.00,1.0,text->image,64,71,500,0.9895,0.9306,1763.72,104,5000,768,42
clip-l,mscoco,vanilla_rabitq,0.0,image->text,8,71,0,0.28,0.5045,41396.55,104,5000,768,42
clip-l,mscoco,vanilla_rabitq,0.0,image->text,8,71,100,0.7676,0.5045,11494.13,104,5000,768,42
clip-l,mscoco,vanilla_rabitq,0.0,image->text,8,71,200,0.8792,0.6843,9077.98,104,5000,768,42
clip-l,mscoco,vanilla_rabitq,0.0,image->text,8,71,250,0.9051,0.7349,8194.79,104,5000,768,42
clip-l,mscoco,vanilla_rabitq,0.0,image->text,8,71,300,0.9225,0.7725,7313.89,104,5000,768,42
clip-l,mscoco,vanilla_rabitq,0.0,image->text,8,71,350,0.934,0.8011,3276.83,104,5000,768,42
clip-l,mscoco,vanilla_rabitq,0.0,image->text,8,71,400,0.9423,0.8227,2948.18,104,5000,768,42
clip-l,mscoco,vanilla_rabitq,0.0,image->text,8,71,450,0.9476,0.8378,2815.4,104,5000,768,42
clip-l,mscoco,vanilla_rabitq,0.0,image->text,8,71,500,0.9505,0.848,2408.67,104,5000,768,42
clip-l,mscoco,vanilla_rabitq_meanshift,0.0,image->text,8,71,0,0.3505,0.5298,39116.01,104,5000,768,42
clip-l,mscoco,vanilla_rabitq_meanshift,0.0,image->text,8,71,100,0.8061,0.5298,11359.56,104,5000,768,42
clip-l,mscoco,vanilla_rabitq_meanshift,0.0,image->text,8,71,200,0.8899,0.6886,8802.82,104,5000,768,42
clip-l,mscoco,vanilla_rabitq_meanshift,0.0,image->text,8,71,250,0.9074,0.7318,8288.01,104,5000,768,42
clip-l,mscoco,vanilla_rabitq_meanshift,0.0,image->text,8,71,300,0.9186,0.763,7560.42,104,5000,768,42
clip-l,mscoco,vanilla_rabitq_meanshift,0.0,image->text,8,71,350,0.9256,0.7857,3293.07,104,5000,768,42
clip-l,mscoco,vanilla_rabitq_meanshift,0.0,image->text,8,71,400,0.9302,0.8028,3040.2,104,5000,768,42
clip-l,mscoco,vanilla_rabitq_meanshift,0.0,image->text,8,71,450,0.9332,0.8159,2745.06,104,5000,768,42
clip-l,mscoco,vanilla_rabitq_meanshift,0.0,image->text,8,71,500,0.9353,0.8254,2404.18,104,5000,768,42
clip-l,mscoco,pmc_1.00,1.0,image->text,8,71,0,0.4505,0.6437,36625.85,104,5000,768,42
clip-l,mscoco,pmc_1.00,1.0,image->text,8,71,100,0.9204,0.6437,11475.38,104,5000,768,42
clip-l,mscoco,pmc_1.00,1.0,image->text,8,71,200,0.9434,0.7956,9042.81,104,5000,768,42
clip-l,mscoco,pmc_1.00,1.0,image->text,8,71,250,0.9454,0.8187,8087.91,104,5000,768,42
clip-l,mscoco,pmc_1.00,1.0,image->text,8,71,300,0.9464,0.8312,7425.83,104,5000,768,42
clip-l,mscoco,pmc_1.00,1.0,image->text,8,71,350,0.947,0.8381,3325.07,104,5000,768,42
clip-l,mscoco,pmc_1.00,1.0,image->text,8,71,400,0.9473,0.842,2933.19,104,5000,768,42
clip-l,mscoco,pmc_1.00,1.0,image->text,8,71,450,0.9475,0.8441,2786.61,104,5000,768,42
clip-l,mscoco,pmc_1.00,1.0,image->text,8,71,500,0.9475,0.8453,2458.77,104,5000,768,42
clip-l,mscoco,vanilla_rabitq,0.0,image->text,16,71,0,0.2632,0.4655,19111.15,104,5000,768,42
clip-l,mscoco,vanilla_rabitq,0.0,image->text,16,71,100,0.7292,0.4655,9074.68,104,5000,768,42
clip-l,mscoco,vanilla_rabitq,0.0,image->text,16,71,200,0.8447,0.6352,7754.47,104,5000,768,42
clip-l,mscoco,vanilla_rabitq,0.0,image->text,16,71,250,0.8742,0.687,7012.79,104,5000,768,42
clip-l,mscoco,vanilla_rabitq,0.0,image->text,16,71,300,0.8958,0.7274,6543.33,104,5000,768,42
clip-l,mscoco,vanilla_rabitq,0.0,image->text,16,71,350,0.913,0.7601,3142.91,104,5000,768,42
clip-l,mscoco,vanilla_rabitq,0.0,image->text,16,71,400,0.9267,0.7875,2883.86,104,5000,768,42
clip-l,mscoco,vanilla_rabitq,0.0,image->text,16,71,450,0.9383,0.811,2673.03,104,5000,768,42
clip-l,mscoco,vanilla_rabitq,0.0,image->text,16,71,500,0.9473,0.8314,2288.79,104,5000,768,42
clip-l,mscoco,vanilla_rabitq_meanshift,0.0,image->text,16,71,0,0.3464,0.5071,21008.23,104,5000,768,42
clip-l,mscoco,vanilla_rabitq_meanshift,0.0,image->text,16,71,100,0.7885,0.5071,9184.39,104,5000,768,42
clip-l,mscoco,vanilla_rabitq_meanshift,0.0,image->text,16,71,200,0.8742,0.6532,7598.44,104,5000,768,42
clip-l,mscoco,vanilla_rabitq_meanshift,0.0,image->text,16,71,250,0.896,0.6965,7034.42,104,5000,768,42
clip-l,mscoco,vanilla_rabitq_meanshift,0.0,image->text,16,71,300,0.9107,0.7307,6528.08,104,5000,768,42
clip-l,mscoco,vanilla_rabitq_meanshift,0.0,image->text,16,71,350,0.9233,0.7589,3128.7,104,5000,768,42
clip-l,mscoco,vanilla_rabitq_meanshift,0.0,image->text,16,71,400,0.9323,0.7825,2860.25,104,5000,768,42
clip-l,mscoco,vanilla_rabitq_meanshift,0.0,image->text,16,71,450,0.94,0.8024,2642.53,104,5000,768,42
clip-l,mscoco,vanilla_rabitq_meanshift,0.0,image->text,16,71,500,0.9453,0.8193,2281.33,104,5000,768,42
clip-l,mscoco,pmc_1.00,1.0,image->text,16,71,0,0.4444,0.6309,19923.29,104,5000,768,42
clip-l,mscoco,pmc_1.00,1.0,image->text,16,71,100,0.9307,0.6309,9440.67,104,5000,768,42
clip-l,mscoco,pmc_1.00,1.0,image->text,16,71,200,0.9657,0.8068,7639.92,104,5000,768,42
clip-l,mscoco,pmc_1.00,1.0,image->text,16,71,250,0.9706,0.8447,6950.59,104,5000,768,42
clip-l,mscoco,pmc_1.00,1.0,image->text,16,71,300,0.9735,0.8686,6688.4,104,5000,768,42
clip-l,mscoco,pmc_1.00,1.0,image->text,16,71,350,0.9751,0.8844,3133.15,104,5000,768,42
clip-l,mscoco,pmc_1.00,1.0,image->text,16,71,400,0.976,0.8954,2650.7,104,5000,768,42
clip-l,mscoco,pmc_1.00,1.0,image->text,16,71,450,0.9768,0.9032,2585.15,104,5000,768,42
clip-l,mscoco,pmc_1.00,1.0,image->text,16,71,500,0.9773,0.9088,2312.37,104,5000,768,42
clip-l,mscoco,vanilla_rabitq,0.0,image->text,64,71,0,0.2266,0.3869,5829.83,104,5000,768,42
clip-l,mscoco,vanilla_rabitq,0.0,image->text,64,71,100,0.653,0.3869,4483.98,104,5000,768,42
clip-l,mscoco,vanilla_rabitq,0.0,image->text,64,71,200,0.7636,0.5291,4114.04,104,5000,768,42
clip-l,mscoco,vanilla_rabitq,0.0,image->text,64,71,250,0.7937,0.5736,3728.4,104,5000,768,42
clip-l,mscoco,vanilla_rabitq,0.0,image->text,64,71,300,0.8153,0.6086,3665.68,104,5000,768,42
clip-l,mscoco,vanilla_rabitq,0.0,image->text,64,71,350,0.8329,0.6382,2178.48,104,5000,768,42
clip-l,mscoco,vanilla_rabitq,0.0,image->text,64,71,400,0.8477,0.6633,1968.27,104,5000,768,42
clip-l,mscoco,vanilla_rabitq,0.0,image->text,64,71,450,0.8608,0.6851,1950.73,104,5000,768,42
clip-l,mscoco,vanilla_rabitq,0.0,image->text,64,71,500,0.8713,0.704,1786.72,104,5000,768,42
clip-l,mscoco,vanilla_rabitq_meanshift,0.0,image->text,64,71,0,0.3408,0.4827,6142.32,104,5000,768,42
clip-l,mscoco,vanilla_rabitq_meanshift,0.0,image->text,64,71,100,0.7696,0.4827,4208.87,104,5000,768,42
clip-l,mscoco,vanilla_rabitq_meanshift,0.0,image->text,64,71,200,0.8536,0.6165,3925.35,104,5000,768,42
clip-l,mscoco,vanilla_rabitq_meanshift,0.0,image->text,64,71,250,0.8741,0.6558,3864.28,104,5000,768,42
clip-l,mscoco,vanilla_rabitq_meanshift,0.0,image->text,64,71,300,0.8905,0.6865,3606.11,104,5000,768,42
clip-l,mscoco,vanilla_rabitq_meanshift,0.0,image->text,64,71,350,0.9033,0.7123,2195.86,104,5000,768,42
clip-l,mscoco,vanilla_rabitq_meanshift,0.0,image->text,64,71,400,0.9133,0.7342,1961.65,104,5000,768,42
clip-l,mscoco,vanilla_rabitq_meanshift,0.0,image->text,64,71,450,0.9216,0.7533,1967.15,104,5000,768,42
clip-l,mscoco,vanilla_rabitq_meanshift,0.0,image->text,64,71,500,0.9286,0.77,1802.47,104,5000,768,42
clip-l,mscoco,pmc_1.00,1.0,image->text,64,71,0,0.4315,0.5943,6122.82,104,5000,768,42
clip-l,mscoco,pmc_1.00,1.0,image->text,64,71,100,0.9202,0.5943,4318.76,104,5000,768,42
clip-l,mscoco,pmc_1.00,1.0,image->text,64,71,200,0.9677,0.7726,3919.31,104,5000,768,42
clip-l,mscoco,pmc_1.00,1.0,image->text,64,71,250,0.9761,0.8179,3641.07,104,5000,768,42
clip-l,mscoco,pmc_1.00,1.0,image->text,64,71,300,0.9821,0.8501,3653.43,104,5000,768,42
clip-l,mscoco,pmc_1.00,1.0,image->text,64,71,350,0.9858,0.8749,2201.38,104,5000,768,42
clip-l,mscoco,pmc_1.00,1.0,image->text,64,71,400,0.9884,0.8937,1943.55,104,5000,768,42
clip-l,mscoco,pmc_1.00,1.0,image->text,64,71,450,0.9904,0.9092,1933.97,104,5000,768,42
clip-l,mscoco,pmc_1.00,1.0,image->text,64,71,500,0.9917,0.9213,1771.22,104,5000,768,42
imagebind,mscoco,vanilla_rabitq,0.0,text->image,8,71,0,0.5518,0.6647,31826.42,136,5000,1024,42
imagebind,mscoco,vanilla_rabitq,0.0,text->image,8,71,100,0.9333,0.6647,10049.21,136,5000,1024,42
imagebind,mscoco,vanilla_rabitq,0.0,text->image,8,71,200,0.946,0.8118,7471.61,136,5000,1024,42
imagebind,mscoco,vanilla_rabitq,0.0,text->image,8,71,250,0.9476,0.8357,7029.79,136,5000,1024,42
imagebind,mscoco,vanilla_rabitq,0.0,text->image,8,71,300,0.9483,0.8485,2950.33,136,5000,1024,42
imagebind,mscoco,vanilla_rabitq,0.0,text->image,8,71,350,0.9486,0.8557,2645.38,136,5000,1024,42
imagebind,mscoco,vanilla_rabitq,0.0,text->image,8,71,400,0.9487,0.8597,2400.86,136,5000,1024,42
imagebind,mscoco,vanilla_rabitq,0.0,text->image,8,71,450,0.9488,0.8619,2169.29,136,5000,1024,42
imagebind,mscoco,vanilla_rabitq,0.0,text->image,8,71,500,0.9489,0.8631,1965.08,136,5000,1024,42
imagebind,mscoco,vanilla_rabitq_meanshift,0.0,text->image,8,71,0,0.5073,0.623,28764.2,136,5000,1024,42
imagebind,mscoco,vanilla_rabitq_meanshift,0.0,text->image,8,71,100,0.912,0.623,9916.35,136,5000,1024,42
imagebind,mscoco,vanilla_rabitq_meanshift,0.0,text->image,8,71,200,0.9384,0.7782,7588.96,136,5000,1024,42
imagebind,mscoco,vanilla_rabitq_meanshift,0.0,text->image,8,71,250,0.9429,0.8097,6737.48,136,5000,1024,42
imagebind,mscoco,vanilla_rabitq_meanshift,0.0,text->image,8,71,300,0.9451,0.8289,2980.32,136,5000,1024,42
imagebind,mscoco,vanilla_rabitq_meanshift,0.0,text->image,8,71,350,0.9465,0.8413,2601.45,136,5000,1024,42
imagebind,mscoco,vanilla_rabitq_meanshift,0.0,text->image,8,71,400,0.9474,0.8494,2378.64,136,5000,1024,42
imagebind,mscoco,vanilla_rabitq_meanshift,0.0,text->image,8,71,450,0.9478,0.8545,2202.22,136,5000,1024,42
imagebind,mscoco,vanilla_rabitq_meanshift,0.0,text->image,8,71,500,0.9481,0.8579,1913.45,136,5000,1024,42
imagebind,mscoco,pmc_1.00,1.0,text->image,8,71,0,0.6304,0.7363,30561.99,136,5000,1024,42
imagebind,mscoco,pmc_1.00,1.0,text->image,8,71,100,0.9557,0.7363,9680.03,136,5000,1024,42
imagebind,mscoco,pmc_1.00,1.0,text->image,8,71,200,0.9589,0.8534,7548.56,136,5000,1024,42
imagebind,mscoco,pmc_1.00,1.0,text->image,8,71,250,0.9591,0.8635,6911.49,136,5000,1024,42
imagebind,mscoco,pmc_1.00,1.0,text->image,8,71,300,0.9591,0.8675,2993.32,136,5000,1024,42
imagebind,mscoco,pmc_1.00,1.0,text->image,8,71,350,0.9592,0.8693,2574.05,136,5000,1024,42
imagebind,mscoco,pmc_1.00,1.0,text->image,8,71,400,0.9592,0.8701,2409.75,136,5000,1024,42
imagebind,mscoco,pmc_1.00,1.0,text->image,8,71,450,0.9592,0.8704,2169.34,136,5000,1024,42
imagebind,mscoco,pmc_1.00,1.0,text->image,8,71,500,0.9592,0.8706,1955.89,136,5000,1024,42
imagebind,mscoco,vanilla_rabitq,0.0,text->image,16,71,0,0.5542,0.6684,16398.39,136,5000,1024,42
imagebind,mscoco,vanilla_rabitq,0.0,text->image,16,71,100,0.9542,0.6684,7812.82,136,5000,1024,42
imagebind,mscoco,vanilla_rabitq,0.0,text->image,16,71,200,0.9723,0.8308,6214.58,136,5000,1024,42
imagebind,mscoco,vanilla_rabitq,0.0,text->image,16,71,250,0.9746,0.862,5736.77,136,5000,1024,42
imagebind,mscoco,vanilla_rabitq,0.0,text->image,16,71,300,0.9759,0.8825,2792.02,136,5000,1024,42
imagebind,mscoco,vanilla_rabitq,0.0,text->image,16,71,350,0.9768,0.8965,2498.55,136,5000,1024,42
imagebind,mscoco,vanilla_rabitq,0.0,text->image,16,71,400,0.9776,0.9065,2147.52,136,5000,1024,42
imagebind,mscoco,vanilla_rabitq,0.0,text->image,16,71,450,0.978,0.9134,2073.75,136,5000,1024,42
imagebind,mscoco,vanilla_rabitq,0.0,text->image,16,71,500,0.9781,0.9186,1845.07,136,5000,1024,42
imagebind,mscoco,vanilla_rabitq_meanshift,0.0,text->image,16,71,0,0.5086,0.6207,15243.6,136,5000,1024,42
imagebind,mscoco,vanilla_rabitq_meanshift,0.0,text->image,16,71,100,0.9221,0.6207,7512.52,136,5000,1024,42
imagebind,mscoco,vanilla_rabitq_meanshift,0.0,text->image,16,71,200,0.9543,0.7814,6157.45,136,5000,1024,42
imagebind,mscoco,vanilla_rabitq_meanshift,0.0,text->image,16,71,250,0.9605,0.8177,5701.42,136,5000,1024,42
imagebind,mscoco,vanilla_rabitq_meanshift,0.0,text->image,16,71,300,0.9644,0.8431,2776.76,136,5000,1024,42
imagebind,mscoco,vanilla_rabitq_meanshift,0.0,text->image,16,71,350,0.9674,0.8617,2493.09,136,5000,1024,42
imagebind,mscoco,vanilla_rabitq_meanshift,0.0,text->image,16,71,400,0.9692,0.876,2237.17,136,5000,1024,42
imagebind,mscoco,vanilla_rabitq_meanshift,0.0,text->image,16,71,450,0.9705,0.8868,1975.65,136,5000,1024,42
imagebind,mscoco,vanilla_rabitq_meanshift,0.0,text->image,16,71,500,0.9716,0.8957,1811.2,136,5000,1024,42
imagebind,mscoco,pmc_1.00,1.0,text->image,16,71,0,0.633,0.7486,15979.78,136,5000,1024,42
imagebind,mscoco,pmc_1.00,1.0,text->image,16,71,100,0.9776,0.7486,7624.08,136,5000,1024,42
imagebind,mscoco,pmc_1.00,1.0,text->image,16,71,200,0.9832,0.8956,6406.66,136,5000,1024,42
imagebind,mscoco,pmc_1.00,1.0,text->image,16,71,250,0.9838,0.9142,5764.09,136,5000,1024,42
imagebind,mscoco,pmc_1.00,1.0,text->image,16,71,300,0.984,0.9241,2735.94,136,5000,1024,42
imagebind,mscoco,pmc_1.00,1.0,text->image,16,71,350,0.9841,0.93,2449.73,136,5000,1024,42
imagebind,mscoco,pmc_1.00,1.0,text->image,16,71,400,0.9842,0.9337,2257.72,136,5000,1024,42
imagebind,mscoco,pmc_1.00,1.0,text->image,16,71,450,0.9842,0.936,2037.05,136,5000,1024,42
imagebind,mscoco,pmc_1.00,1.0,text->image,16,71,500,0.9843,0.9375,1788.86,136,5000,1024,42
imagebind,mscoco,vanilla_rabitq,0.0,text->image,64,71,0,0.5553,0.6705,4394.04,136,5000,1024,42
imagebind,mscoco,vanilla_rabitq,0.0,text->image,64,71,100,0.9662,0.6705,3223.87,136,5000,1024,42
imagebind,mscoco,vanilla_rabitq,0.0,text->image,64,71,200,0.9878,0.8393,3073.16,136,5000,1024,42
imagebind,mscoco,vanilla_rabitq,0.0,text->image,64,71,250,0.9912,0.8737,3083.36,136,5000,1024,42
imagebind,mscoco,vanilla_rabitq,0.0,text->image,64,71,300,0.9933,0.8972,1789.65,136,5000,1024,42
imagebind,mscoco,vanilla_rabitq,0.0,text->image,64,71,350,0.9948,0.9139,1714.93,136,5000,1024,42
imagebind,mscoco,vanilla_rabitq,0.0,text->image,64,71,400,0.9956,0.9269,1595.86,136,5000,1024,42
imagebind,mscoco,vanilla_rabitq,0.0,text->image,64,71,450,0.9963,0.9368,1494.16,136,5000,1024,42
imagebind,mscoco,vanilla_rabitq,0.0,text->image,64,71,500,0.9968,0.9448,1400.19,136,5000,1024,42
imagebind,mscoco,vanilla_rabitq_meanshift,0.0,text->image,64,71,0,0.5083,0.6176,4589.75,136,5000,1024,42
imagebind,mscoco,vanilla_rabitq_meanshift,0.0,text->image,64,71,100,0.9265,0.6176,3377.05,136,5000,1024,42
imagebind,mscoco,vanilla_rabitq_meanshift,0.0,text->image,64,71,200,0.9631,0.7767,3061.79,136,5000,1024,42
imagebind,mscoco,vanilla_rabitq_meanshift,0.0,text->image,64,71,250,0.9701,0.8123,2884.33,136,5000,1024,42
imagebind,mscoco,vanilla_rabitq_meanshift,0.0,text->image,64,71,300,0.9748,0.8378,1867.96,136,5000,1024,42
imagebind,mscoco,vanilla_rabitq_meanshift,0.0,text->image,64,71,350,0.9785,0.8568,1715.96,136,5000,1024,42
imagebind,mscoco,vanilla_rabitq_meanshift,0.0,text->image,64,71,400,0.9813,0.8719,1633.87,136,5000,1024,42
imagebind,mscoco,vanilla_rabitq_meanshift,0.0,text->image,64,71,450,0.9835,0.8842,1501.84,136,5000,1024,42
imagebind,mscoco,vanilla_rabitq_meanshift,0.0,text->image,64,71,500,0.9852,0.8946,1373.83,136,5000,1024,42
imagebind,mscoco,pmc_1.00,1.0,text->image,64,71,0,0.6305,0.751,4599.67,136,5000,1024,42
imagebind,mscoco,pmc_1.00,1.0,text->image,64,71,100,0.988,0.751,3267.64,136,5000,1024,42
imagebind,mscoco,pmc_1.00,1.0,text->image,64,71,200,0.9963,0.9148,3187.64,136,5000,1024,42
imagebind,mscoco,pmc_1.00,1.0,text->image,64,71,250,0.9974,0.9396,3083.92,136,5000,1024,42
imagebind,mscoco,pmc_1.00,1.0,text->image,64,71,300,0.998,0.9543,1789.16,136,5000,1024,42
imagebind,mscoco,pmc_1.00,1.0,text->image,64,71,350,0.9985,0.9642,1722.66,136,5000,1024,42
imagebind,mscoco,pmc_1.00,1.0,text->image,64,71,400,0.9989,0.9712,1571.65,136,5000,1024,42
imagebind,mscoco,pmc_1.00,1.0,text->image,64,71,450,0.9991,0.9761,1497.23,136,5000,1024,42
imagebind,mscoco,pmc_1.00,1.0,text->image,64,71,500,0.9992,0.9798,1371.39,136,5000,1024,42
imagebind,mscoco,vanilla_rabitq,0.0,image->text,8,71,0,0.5703,0.6968,34426.82,136,5000,1024,42
imagebind,mscoco,vanilla_rabitq,0.0,image->text,8,71,100,0.9261,0.6968,9738.33,136,5000,1024,42
imagebind,mscoco,vanilla_rabitq,0.0,image->text,8,71,200,0.9344,0.8067,7726.83,136,5000,1024,42
imagebind,mscoco,vanilla_rabitq,0.0,image->text,8,71,250,0.9364,0.8183,6841.34,136,5000,1024,42
imagebind,mscoco,vanilla_rabitq,0.0,image->text,8,71,300,0.9382,0.8254,2836.54,136,5000,1024,42
imagebind,mscoco,vanilla_rabitq,0.0,image->text,8,71,350,0.9401,0.8318,2537.36,136,5000,1024,42
imagebind,mscoco,vanilla_rabitq,0.0,image->text,8,71,400,0.9422,0.8384,2275.27,136,5000,1024,42
imagebind,mscoco,vanilla_rabitq,0.0,image->text,8,71,450,0.9444,0.8451,2133.47,136,5000,1024,42
imagebind,mscoco,vanilla_rabitq,0.0,image->text,8,71,500,0.9464,0.8515,1985.16,136,5000,1024,42
imagebind,mscoco,vanilla_rabitq_meanshift,0.0,image->text,8,71,0,0.5321,0.6496,28362.98,136,5000,1024,42
imagebind,mscoco,vanilla_rabitq_meanshift,0.0,image->text,8,71,100,0.906,0.6496,9849.84,136,5000,1024,42
imagebind,mscoco,vanilla_rabitq_meanshift,0.0,image->text,8,71,200,0.9225,0.7736,7483.39,136,5000,1024,42
imagebind,mscoco,vanilla_rabitq_meanshift,0.0,image->text,8,71,250,0.9255,0.7943,6852.9,136,5000,1024,42
imagebind,mscoco,vanilla_rabitq_meanshift,0.0,image->text,8,71,300,0.9269,0.8067,2857.91,136,5000,1024,42
imagebind,mscoco,vanilla_rabitq_meanshift,0.0,image->text,8,71,350,0.9281,0.8147,2531.1,136,5000,1024,42
imagebind,mscoco,vanilla_rabitq_meanshift,0.0,image->text,8,71,400,0.9292,0.82,2315.21,136,5000,1024,42
imagebind,mscoco,vanilla_rabitq_meanshift,0.0,image->text,8,71,450,0.9304,0.824,2076.62,136,5000,1024,42
imagebind,mscoco,vanilla_rabitq_meanshift,0.0,image->text,8,71,500,0.931,0.8272,1706.37,136,5000,1024,42
imagebind,mscoco,pmc_1.00,1.0,image->text,8,71,0,0.634,0.7326,30972.68,136,5000,1024,42
imagebind,mscoco,pmc_1.00,1.0,image->text,8,71,100,0.9445,0.7326,9316.45,136,5000,1024,42
imagebind,mscoco,pmc_1.00,1.0,image->text,8,71,200,0.9515,0.8297,7533.78,136,5000,1024,42
imagebind,mscoco,pmc_1.00,1.0,image->text,8,71,250,0.9527,0.8406,6670.99,136,5000,1024,42
imagebind,mscoco,pmc_1.00,1.0,image->text,8,71,300,0.9535,0.847,2677.79,136,5000,1024,42
imagebind,mscoco,pmc_1.00,1.0,image->text,8,71,350,0.9543,0.8514,2470.02,136,5000,1024,42
imagebind,mscoco,pmc_1.00,1.0,image->text,8,71,400,0.9548,0.8544,2172.44,136,5000,1024,42
imagebind,mscoco,pmc_1.00,1.0,image->text,8,71,450,0.9552,0.8565,1947.89,136,5000,1024,42
imagebind,mscoco,pmc_1.00,1.0,image->text,8,71,500,0.9553,0.8579,1673.38,136,5000,1024,42
imagebind,mscoco,vanilla_rabitq,0.0,image->text,16,71,0,0.5707,0.7068,14053.87,136,5000,1024,42
imagebind,mscoco,vanilla_rabitq,0.0,image->text,16,71,100,0.9487,0.7068,7121.85,136,5000,1024,42
imagebind,mscoco,vanilla_rabitq,0.0,image->text,16,71,200,0.9589,0.8496,5944.33,136,5000,1024,42
imagebind,mscoco,vanilla_rabitq,0.0,image->text,16,71,250,0.9609,0.8673,5573.3,136,5000,1024,42
imagebind,mscoco,vanilla_rabitq,0.0,image->text,16,71,300,0.9626,0.8772,2338.46,136,5000,1024,42
imagebind,mscoco,vanilla_rabitq,0.0,image->text,16,71,350,0.9635,0.8833,2199.95,136,5000,1024,42
imagebind,mscoco,vanilla_rabitq,0.0,image->text,16,71,400,0.9646,0.8877,2043.77,136,5000,1024,42
imagebind,mscoco,vanilla_rabitq,0.0,image->text,16,71,450,0.9655,0.8912,1885.64,136,5000,1024,42
imagebind,mscoco,vanilla_rabitq,0.0,image->text,16,71,500,0.9665,0.8939,1674.41,136,5000,1024,42
imagebind,mscoco,vanilla_rabitq_meanshift,0.0,image->text,16,71,0,0.535,0.6552,16897.37,136,5000,1024,42
imagebind,mscoco,vanilla_rabitq_meanshift,0.0,image->text,16,71,100,0.9232,0.6552,7657.34,136,5000,1024,42
imagebind,mscoco,vanilla_rabitq_meanshift,0.0,image->text,16,71,200,0.9436,0.7934,6197.52,136,5000,1024,42
imagebind,mscoco,vanilla_rabitq_meanshift,0.0,image->text,16,71,250,0.9476,0.8198,5333.31,136,5000,1024,42
imagebind,mscoco,vanilla_rabitq_meanshift,0.0,image->text,16,71,300,0.9503,0.8372,2575.8,136,5000,1024,42
imagebind,mscoco,vanilla_rabitq_meanshift,0.0,image->text,16,71,350,0.9522,0.8491,2308.87,136,5000,1024,42
imagebind,mscoco,vanilla_rabitq_meanshift,0.0,image->text,16,71,400,0.9535,0.8581,2023.79,136,5000,1024,42
imagebind,mscoco,vanilla_rabitq_meanshift,0.0,image->text,16,71,450,0.9547,0.8652,1932.5,136,5000,1024,42
imagebind,mscoco,vanilla_rabitq_meanshift,0.0,image->text,16,71,500,0.9555,0.8705,1762.84,136,5000,1024,42
imagebind,mscoco,pmc_1.00,1.0,image->text,16,71,0,0.636,0.7489,15500.29,136,5000,1024,42
imagebind,mscoco,pmc_1.00,1.0,image->text,16,71,100,0.967,0.7489,7585.92,136,5000,1024,42
imagebind,mscoco,pmc_1.00,1.0,image->text,16,71,200,0.976,0.8765,6225.41,136,5000,1024,42
imagebind,mscoco,pmc_1.00,1.0,image->text,16,71,250,0.9783,0.8932,5647.13,136,5000,1024,42
imagebind,mscoco,pmc_1.00,1.0,image->text,16,71,300,0.9795,0.9033,2558.56,136,5000,1024,42
imagebind,mscoco,pmc_1.00,1.0,image->text,16,71,350,0.9804,0.9106,2206.91,136,5000,1024,42
imagebind,mscoco,pmc_1.00,1.0,image->text,16,71,400,0.9813,0.916,2094.73,136,5000,1024,42
imagebind,mscoco,pmc_1.00,1.0,image->text,16,71,450,0.9819,0.9203,1927.11,136,5000,1024,42
imagebind,mscoco,pmc_1.00,1.0,image->text,16,71,500,0.9826,0.9238,1755.42,136,5000,1024,42
imagebind,mscoco,vanilla_rabitq,0.0,image->text,64,71,0,0.5688,0.6978,4556.74,136,5000,1024,42
imagebind,mscoco,vanilla_rabitq,0.0,image->text,64,71,100,0.9624,0.6978,3246.81,136,5000,1024,42
imagebind,mscoco,vanilla_rabitq,0.0,image->text,64,71,200,0.9744,0.8694,2919.79,136,5000,1024,42
imagebind,mscoco,vanilla_rabitq,0.0,image->text,64,71,250,0.9765,0.8963,2865.96,136,5000,1024,42
imagebind,mscoco,vanilla_rabitq,0.0,image->text,64,71,300,0.978,0.9123,1752.9,136,5000,1024,42
imagebind,mscoco,vanilla_rabitq,0.0,image->text,64,71,350,0.9793,0.9228,1601.77,136,5000,1024,42
imagebind,mscoco,vanilla_rabitq,0.0,image->text,64,71,400,0.9802,0.93,1521.79,136,5000,1024,42
imagebind,mscoco,vanilla_rabitq,0.0,image->text,64,71,450,0.981,0.9353,1377.16,136,5000,1024,42
imagebind,mscoco,vanilla_rabitq,0.0,image->text,64,71,500,0.9818,0.9393,1253.29,136,5000,1024,42
imagebind,mscoco,vanilla_rabitq_meanshift,0.0,image->text,64,71,0,0.5361,0.658,4434.32,136,5000,1024,42
imagebind,mscoco,vanilla_rabitq_meanshift,0.0,image->text,64,71,100,0.9328,0.658,3092.82,136,5000,1024,42
imagebind,mscoco,vanilla_rabitq_meanshift,0.0,image->text,64,71,200,0.9567,0.8051,3037.3,136,5000,1024,42
imagebind,mscoco,vanilla_rabitq_meanshift,0.0,image->text,64,71,250,0.9612,0.8348,2923.07,136,5000,1024,42
imagebind,mscoco,vanilla_rabitq_meanshift,0.0,image->text,64,71,300,0.9647,0.8548,1706.2,136,5000,1024,42
imagebind,mscoco,vanilla_rabitq_meanshift,0.0,image->text,64,71,350,0.9671,0.8693,1575.7,136,5000,1024,42
imagebind,mscoco,vanilla_rabitq_meanshift,0.0,image->text,64,71,400,0.969,0.8805,1481.77,136,5000,1024,42
imagebind,mscoco,vanilla_rabitq_meanshift,0.0,image->text,64,71,450,0.9703,0.8892,1381.9,136,5000,1024,42
imagebind,mscoco,vanilla_rabitq_meanshift,0.0,image->text,64,71,500,0.9717,0.8964,1315.15,136,5000,1024,42
imagebind,mscoco,pmc_1.00,1.0,image->text,64,71,0,0.636,0.7505,4404.19,136,5000,1024,42
imagebind,mscoco,pmc_1.00,1.0,image->text,64,71,100,0.9769,0.7505,2955.08,136,5000,1024,42
imagebind,mscoco,pmc_1.00,1.0,image->text,64,71,200,0.9871,0.8994,2662.04,136,5000,1024,42
imagebind,mscoco,pmc_1.00,1.0,image->text,64,71,250,0.9889,0.9219,2498.43,136,5000,1024,42
imagebind,mscoco,pmc_1.00,1.0,image->text,64,71,300,0.9903,0.9357,1481.68,136,5000,1024,42
imagebind,mscoco,pmc_1.00,1.0,image->text,64,71,350,0.9914,0.9451,1554.64,136,5000,1024,42
imagebind,mscoco,pmc_1.00,1.0,image->text,64,71,400,0.9922,0.952,1448.28,136,5000,1024,42
imagebind,mscoco,pmc_1.00,1.0,image->text,64,71,450,0.9929,0.9575,1372.17,136,5000,1024,42
imagebind,mscoco,pmc_1.00,1.0,image->text,64,71,500,0.9935,0.9618,1276.9,136,5000,1024,42
clip-l,flickr30k,vanilla_rabitq,0.0,text->image,8,32,0,0.4616,0.5371,35551.51,104,1000,768,42
clip-l,flickr30k,vanilla_rabitq,0.0,text->image,8,32,100,0.8393,0.5371,12099.11,104,1000,768,42
clip-l,flickr30k,vanilla_rabitq,0.0,text->image,8,32,200,0.8693,0.6739,7958.2,104,1000,768,42
clip-l,flickr30k,vanilla_rabitq,0.0,text->image,8,32,250,0.8722,0.6939,7888.23,104,1000,768,42
clip-l,flickr30k,vanilla_rabitq,0.0,text->image,8,32,300,0.8732,0.7024,7547.86,104,1000,768,42
clip-l,flickr30k,vanilla_rabitq,0.0,text->image,8,32,350,0.8738,0.7052,5517.37,104,1000,768,42
clip-l,flickr30k,vanilla_rabitq,0.0,text->image,8,32,400,0.8738,0.7053,5644.4,104,1000,768,42
clip-l,flickr30k,vanilla_rabitq,0.0,text->image,8,32,450,0.8738,0.7053,5485.13,104,1000,768,42
clip-l,flickr30k,vanilla_rabitq,0.0,text->image,8,32,500,0.8738,0.7053,5773.01,104,1000,768,42
clip-l,flickr30k,vanilla_rabitq_meanshift,0.0,text->image,8,32,0,0.4065,0.4715,33172.01,104,1000,768,42
clip-l,flickr30k,vanilla_rabitq_meanshift,0.0,text->image,8,32,100,0.7706,0.4715,12029.93,104,1000,768,42
clip-l,flickr30k,vanilla_rabitq_meanshift,0.0,text->image,8,32,200,0.8316,0.6206,8394.21,104,1000,768,42
clip-l,flickr30k,vanilla_rabitq_meanshift,0.0,text->image,8,32,250,0.8426,0.6572,7751.28,104,1000,768,42
clip-l,flickr30k,vanilla_rabitq_meanshift,0.0,text->image,8,32,300,0.8482,0.6781,6988.3,104,1000,768,42
clip-l,flickr30k,vanilla_rabitq_meanshift,0.0,text->image,8,32,350,0.8524,0.6892,4109.04,104,1000,768,42
clip-l,flickr30k,vanilla_rabitq_meanshift,0.0,text->image,8,32,400,0.8531,0.6915,3944.82,104,1000,768,42
clip-l,flickr30k,vanilla_rabitq_meanshift,0.0,text->image,8,32,450,0.8531,0.6915,4076.65,104,1000,768,42
clip-l,flickr30k,vanilla_rabitq_meanshift,0.0,text->image,8,32,500,0.8531,0.6915,4219.15,104,1000,768,42
clip-l,flickr30k,pmc_1.00,1.0,text->image,8,32,0,0.5415,0.5675,31269.93,104,1000,768,42
clip-l,flickr30k,pmc_1.00,1.0,text->image,8,32,100,0.8406,0.5675,11905.26,104,1000,768,42
clip-l,flickr30k,pmc_1.00,1.0,text->image,8,32,200,0.847,0.6571,9030.35,104,1000,768,42
clip-l,flickr30k,pmc_1.00,1.0,text->image,8,32,250,0.847,0.664,7965.42,104,1000,768,42
clip-l,flickr30k,pmc_1.00,1.0,text->image,8,32,300,0.847,0.6652,7554.66,104,1000,768,42
clip-l,flickr30k,pmc_1.00,1.0,text->image,8,32,350,0.847,0.6653,6819.13,104,1000,768,42
clip-l,flickr30k,pmc_1.00,1.0,text->image,8,32,400,0.847,0.6653,6609.39,104,1000,768,42
clip-l,flickr30k,pmc_1.00,1.0,text->image,8,32,450,0.847,0.6653,6265.24,104,1000,768,42
clip-l,flickr30k,pmc_1.00,1.0,text->image,8,32,500,0.847,0.6653,7060.74,104,1000,768,42
clip-l,flickr30k,vanilla_rabitq,0.0,text->image,16,32,0,0.4541,0.5584,16628.75,104,1000,768,42
clip-l,flickr30k,vanilla_rabitq,0.0,text->image,16,32,100,0.8909,0.5584,9444.3,104,1000,768,42
clip-l,flickr30k,vanilla_rabitq,0.0,text->image,16,32,200,0.9466,0.7592,7177.82,104,1000,768,42
clip-l,flickr30k,vanilla_rabitq,0.0,text->image,16,32,250,0.9573,0.8102,6271.5,104,1000,768,42
clip-l,flickr30k,vanilla_rabitq,0.0,text->image,16,32,300,0.9615,0.8454,5933.04,104,1000,768,42
clip-l,flickr30k,vanilla_rabitq,0.0,text->image,16,32,350,0.9659,0.8691,2962.94,104,1000,768,42
clip-l,flickr30k,vanilla_rabitq,0.0,text->image,16,32,400,0.9681,0.8856,2788.0,104,1000,768,42
clip-l,flickr30k,vanilla_rabitq,0.0,text->image,16,32,450,0.9688,0.8964,2434.7,104,1000,768,42
clip-l,flickr30k,vanilla_rabitq,0.0,text->image,16,32,500,0.9704,0.9032,2212.17,104,1000,768,42
clip-l,flickr30k,vanilla_rabitq_meanshift,0.0,text->image,16,32,0,0.4088,0.4866,16270.43,104,1000,768,42
clip-l,flickr30k,vanilla_rabitq_meanshift,0.0,text->image,16,32,100,0.809,0.4866,8504.46,104,1000,768,42
clip-l,flickr30k,vanilla_rabitq_meanshift,0.0,text->image,16,32,200,0.8875,0.6734,6641.12,104,1000,768,42
clip-l,flickr30k,vanilla_rabitq_meanshift,0.0,text->image,16,32,250,0.908,0.7273,6056.4,104,1000,768,42
clip-l,flickr30k,vanilla_rabitq_meanshift,0.0,text->image,16,32,300,0.923,0.7695,6204.51,104,1000,768,42
clip-l,flickr30k,vanilla_rabitq_meanshift,0.0,text->image,16,32,350,0.9323,0.8016,2933.13,104,1000,768,42
clip-l,flickr30k,vanilla_rabitq_meanshift,0.0,text->image,16,32,400,0.9402,0.828,2707.49,104,1000,768,42
clip-l,flickr30k,vanilla_rabitq_meanshift,0.0,text->image,16,32,450,0.9451,0.8486,2480.99,104,1000,768,42
clip-l,flickr30k,vanilla_rabitq_meanshift,0.0,text->image,16,32,500,0.9488,0.8639,2246.65,104,1000,768,42
clip-l,flickr30k,pmc_1.00,1.0,text->image,16,32,0,0.559,0.6297,18092.67,104,1000,768,42
clip-l,flickr30k,pmc_1.00,1.0,text->image,16,32,100,0.9396,0.6297,9565.99,104,1000,768,42
clip-l,flickr30k,pmc_1.00,1.0,text->image,16,32,200,0.9605,0.8111,7405.33,104,1000,768,42
clip-l,flickr30k,pmc_1.00,1.0,text->image,16,32,250,0.9621,0.8448,6211.13,104,1000,768,42
clip-l,flickr30k,pmc_1.00,1.0,text->image,16,32,300,0.9634,0.8644,5865.57,104,1000,768,42
clip-l,flickr30k,pmc_1.00,1.0,text->image,16,32,350,0.9636,0.8742,3079.3,104,1000,768,42
clip-l,flickr30k,pmc_1.00,1.0,text->image,16,32,400,0.9636,0.8798,2707.69,104,1000,768,42
clip-l,flickr30k,pmc_1.00,1.0,text->image,16,32,450,0.9636,0.8822,2404.33,104,1000,768,42
clip-l,flickr30k,pmc_1.00,1.0,text->image,16,32,500,0.9636,0.8831,2276.21,104,1000,768,42
clip-l,flickr30k,vanilla_rabitq,0.0,text->image,32,32,0,0.4439,0.5362,9224.71,104,1000,768,42
clip-l,flickr30k,vanilla_rabitq,0.0,text->image,32,32,100,0.8877,0.5362,6869.38,104,1000,768,42
clip-l,flickr30k,vanilla_rabitq,0.0,text->image,32,32,200,0.952,0.7424,5424.6,104,1000,768,42
clip-l,flickr30k,vanilla_rabitq,0.0,text->image,32,32,250,0.9663,0.8021,4855.94,104,1000,768,42
clip-l,flickr30k,vanilla_rabitq,0.0,text->image,32,32,300,0.9766,0.8464,4903.5,104,1000,768,42
clip-l,flickr30k,vanilla_rabitq,0.0,text->image,32,32,350,0.9823,0.8792,2627.62,104,1000,768,42
clip-l,flickr30k,vanilla_rabitq,0.0,text->image,32,32,400,0.9866,0.905,2424.71,104,1000,768,42
clip-l,flickr30k,vanilla_rabitq,0.0,text->image,32,32,450,0.9892,0.9251,2121.36,104,1000,768,42
clip-l,flickr30k,vanilla_rabitq,0.0,text->image,32,32,500,0.992,0.941,1969.16,104,1000,768,42
clip-l,flickr30k,vanilla_rabitq_meanshift,0.0,text->image,32,32,0,0.4094,0.484,8958.47,104,1000,768,42
clip-l,flickr30k,vanilla_rabitq_meanshift,0.0,text->image,32,32,100,0.8121,0.484,6897.66,104,1000,768,42
clip-l,flickr30k,vanilla_rabitq_meanshift,0.0,text->image,32,32,200,0.8969,0.6734,5322.62,104,1000,768,42
clip-l,flickr30k,vanilla_rabitq_meanshift,0.0,text->image,32,32,250,0.9172,0.7329,5063.71,104,1000,768,42
clip-l,flickr30k,vanilla_rabitq_meanshift,0.0,text->image,32,32,300,0.9344,0.7798,4571.06,104,1000,768,42
clip-l,flickr30k,vanilla_rabitq_meanshift,0.0,text->image,32,32,350,0.9477,0.8166,2578.81,104,1000,768,42
clip-l,flickr30k,vanilla_rabitq_meanshift,0.0,text->image,32,32,400,0.9587,0.8474,2407.58,104,1000,768,42
clip-l,flickr30k,vanilla_rabitq_meanshift,0.0,text->image,32,32,450,0.9664,0.8728,2200.06,104,1000,768,42
clip-l,flickr30k,vanilla_rabitq_meanshift,0.0,text->image,32,32,500,0.9727,0.8948,1980.24,104,1000,768,42
clip-l,flickr30k,pmc_1.00,1.0,text->image,32,32,0,0.5585,0.6394,9722.53,104,1000,768,42
clip-l,flickr30k,pmc_1.00,1.0,text->image,32,32,100,0.9618,0.6394,6698.39,104,1000,768,42
clip-l,flickr30k,pmc_1.00,1.0,text->image,32,32,200,0.9911,0.852,5186.64,104,1000,768,42
clip-l,flickr30k,pmc_1.00,1.0,text->image,32,32,250,0.9956,0.9013,4903.62,104,1000,768,42
clip-l,flickr30k,pmc_1.00,1.0,text->image,32,32,300,0.9974,0.9327,4369.27,104,1000,768,42
clip-l,flickr30k,pmc_1.00,1.0,text->image,32,32,350,0.9985,0.9545,2451.14,104,1000,768,42
clip-l,flickr30k,pmc_1.00,1.0,text->image,32,32,400,0.9994,0.9692,2420.12,104,1000,768,42
clip-l,flickr30k,pmc_1.00,1.0,text->image,32,32,450,0.9996,0.9792,2173.41,104,1000,768,42
clip-l,flickr30k,pmc_1.00,1.0,text->image,32,32,500,0.9998,0.9859,1971.93,104,1000,768,42
clip-l,flickr30k,vanilla_rabitq,0.0,image->text,8,32,0,0.3904,0.4533,34372.41,104,1000,768,42
clip-l,flickr30k,vanilla_rabitq,0.0,image->text,8,32,100,0.7145,0.4533,12069.63,104,1000,768,42
clip-l,flickr30k,vanilla_rabitq,0.0,image->text,8,32,200,0.7812,0.5849,8562.02,104,1000,768,42
clip-l,flickr30k,vanilla_rabitq,0.0,image->text,8,32,250,0.8013,0.6265,8187.88,104,1000,768,42
clip-l,flickr30k,vanilla_rabitq,0.0,image->text,8,32,300,0.8077,0.6414,7417.79,104,1000,768,42
clip-l,flickr30k,vanilla_rabitq,0.0,image->text,8,32,350,0.8078,0.6432,6662.73,104,1000,768,42
clip-l,flickr30k,vanilla_rabitq,0.0,image->text,8,32,400,0.8078,0.6432,7386.34,104,1000,768,42
clip-l,flickr30k,vanilla_rabitq,0.0,image->text,8,32,450,0.8078,0.6432,7110.33,104,1000,768,42
clip-l,flickr30k,vanilla_rabitq,0.0,image->text,8,32,500,0.8078,0.6432,7120.6,104,1000,768,42
clip-l,flickr30k,vanilla_rabitq_meanshift,0.0,image->text,8,32,0,0.3974,0.4212,33986.09,104,1000,768,42
clip-l,flickr30k,vanilla_rabitq_meanshift,0.0,image->text,8,32,100,0.6764,0.4212,11924.31,104,1000,768,42
clip-l,flickr30k,vanilla_rabitq_meanshift,0.0,image->text,8,32,200,0.7054,0.52,8391.23,104,1000,768,42
clip-l,flickr30k,vanilla_rabitq_meanshift,0.0,image->text,8,32,250,0.7101,0.5397,7950.68,104,1000,768,42
clip-l,flickr30k,vanilla_rabitq_meanshift,0.0,image->text,8,32,300,0.7109,0.5448,7626.82,104,1000,768,42
clip-l,flickr30k,vanilla_rabitq_meanshift,0.0,image->text,8,32,350,0.7109,0.5451,7262.61,104,1000,768,42
clip-l,flickr30k,vanilla_rabitq_meanshift,0.0,image->text,8,32,400,0.7109,0.5451,7312.97,104,1000,768,42
clip-l,flickr30k,vanilla_rabitq_meanshift,0.0,image->text,8,32,450,0.7109,0.5451,7538.45,104,1000,768,42
clip-l,flickr30k,vanilla_rabitq_meanshift,0.0,image->text,8,32,500,0.7109,0.5451,7485.44,104,1000,768,42
clip-l,flickr30k,pmc_1.00,1.0,image->text,8,32,0,0.5069,0.5048,25204.6,104,1000,768,42
clip-l,flickr30k,pmc_1.00,1.0,image->text,8,32,100,0.7355,0.5048,11199.24,104,1000,768,42
clip-l,flickr30k,pmc_1.00,1.0,image->text,8,32,200,0.7383,0.5598,9390.61,104,1000,768,42
clip-l,flickr30k,pmc_1.00,1.0,image->text,8,32,250,0.7386,0.563,7473.79,104,1000,768,42
clip-l,flickr30k,pmc_1.00,1.0,image->text,8,32,300,0.7386,0.5635,7588.3,104,1000,768,42
clip-l,flickr30k,pmc_1.00,1.0,image->text,8,32,350,0.7386,0.5635,8131.76,104,1000,768,42
clip-l,flickr30k,pmc_1.00,1.0,image->text,8,32,400,0.7386,0.5635,7823.66,104,1000,768,42
clip-l,flickr30k,pmc_1.00,1.0,image->text,8,32,450,0.7386,0.5635,7295.74,104,1000,768,42
clip-l,flickr30k,pmc_1.00,1.0,image->text,8,32,500,0.7386,0.5635,8277.32,104,1000,768,42
clip-l,flickr30k,vanilla_rabitq,0.0,image->text,16,32,0,0.3995,0.4965,16457.79,104,1000,768,42
clip-l,flickr30k,vanilla_rabitq,0.0,image->text,16,32,100,0.7735,0.4965,8673.68,104,1000,768,42
clip-l,flickr30k,vanilla_rabitq,0.0,image->text,16,32,200,0.8466,0.6533,6916.51,104,1000,768,42
clip-l,flickr30k,vanilla_rabitq,0.0,image->text,16,32,250,0.8708,0.7012,6598.78,104,1000,768,42
clip-l,flickr30k,vanilla_rabitq,0.0,image->text,16,32,300,0.8888,0.739,6044.75,104,1000,768,42
clip-l,flickr30k,vanilla_rabitq,0.0,image->text,16,32,350,0.9027,0.775,2945.28,104,1000,768,42
clip-l,flickr30k,vanilla_rabitq,0.0,image->text,16,32,400,0.9184,0.8087,2712.49,104,1000,768,42
clip-l,flickr30k,vanilla_rabitq,0.0,image->text,16,32,450,0.9332,0.8396,2469.97,104,1000,768,42
clip-l,flickr30k,vanilla_rabitq,0.0,image->text,16,32,500,0.9482,0.8685,2302.02,104,1000,768,42
clip-l,flickr30k,vanilla_rabitq_meanshift,0.0,image->text,16,32,0,0.4157,0.4624,15018.65,104,1000,768,42
clip-l,flickr30k,vanilla_rabitq_meanshift,0.0,image->text,16,32,100,0.7714,0.4624,9515.63,104,1000,768,42
clip-l,flickr30k,vanilla_rabitq_meanshift,0.0,image->text,16,32,200,0.8337,0.6171,6967.28,104,1000,768,42
clip-l,flickr30k,vanilla_rabitq_meanshift,0.0,image->text,16,32,250,0.8467,0.6622,6053.43,104,1000,768,42
clip-l,flickr30k,vanilla_rabitq_meanshift,0.0,image->text,16,32,300,0.8568,0.6957,6338.69,104,1000,768,42
clip-l,flickr30k,vanilla_rabitq_meanshift,0.0,image->text,16,32,350,0.8646,0.7227,3062.27,104,1000,768,42
clip-l,flickr30k,vanilla_rabitq_meanshift,0.0,image->text,16,32,400,0.8716,0.7436,2660.11,104,1000,768,42
clip-l,flickr30k,vanilla_rabitq_meanshift,0.0,image->text,16,32,450,0.8755,0.761,2498.49,104,1000,768,42
clip-l,flickr30k,vanilla_rabitq_meanshift,0.0,image->text,16,32,500,0.8809,0.7745,2319.67,104,1000,768,42
clip-l,flickr30k,pmc_1.00,1.0,image->text,16,32,0,0.5477,0.5972,18317.8,104,1000,768,42
clip-l,flickr30k,pmc_1.00,1.0,image->text,16,32,100,0.8876,0.5972,9492.11,104,1000,768,42
clip-l,flickr30k,pmc_1.00,1.0,image->text,16,32,200,0.9052,0.7552,6735.83,104,1000,768,42
clip-l,flickr30k,pmc_1.00,1.0,image->text,16,32,250,0.9065,0.7844,6025.1,104,1000,768,42
clip-l,flickr30k,pmc_1.00,1.0,image->text,16,32,300,0.9075,0.8004,5725.74,104,1000,768,42
clip-l,flickr30k,pmc_1.00,1.0,image->text,16,32,350,0.9079,0.8088,2734.25,104,1000,768,42
clip-l,flickr30k,pmc_1.00,1.0,image->text,16,32,400,0.9084,0.8133,2527.93,104,1000,768,42
clip-l,flickr30k,pmc_1.00,1.0,image->text,16,32,450,0.9085,0.8158,2334.52,104,1000,768,42
clip-l,flickr30k,pmc_1.00,1.0,image->text,16,32,500,0.9085,0.8171,2203.16,104,1000,768,42
clip-l,flickr30k,vanilla_rabitq,0.0,image->text,32,32,0,0.3931,0.4946,10334.02,104,1000,768,42
clip-l,flickr30k,vanilla_rabitq,0.0,image->text,32,32,100,0.7802,0.4946,6617.41,104,1000,768,42
clip-l,flickr30k,vanilla_rabitq,0.0,image->text,32,32,200,0.8544,0.6629,5256.36,104,1000,768,42
clip-l,flickr30k,vanilla_rabitq,0.0,image->text,32,32,250,0.8751,0.7123,5021.79,104,1000,768,42
clip-l,flickr30k,vanilla_rabitq,0.0,image->text,32,32,300,0.893,0.751,4968.26,104,1000,768,42
clip-l,flickr30k,vanilla_rabitq,0.0,image->text,32,32,350,0.9076,0.7819,2559.65,104,1000,768,42
clip-l,flickr30k,vanilla_rabitq,0.0,image->text,32,32,400,0.919,0.808,2425.31,104,1000,768,42
clip-l,flickr30k,vanilla_rabitq,0.0,image->text,32,32,450,0.9283,0.8302,2290.93,104,1000,768,42
clip-l,flickr30k,vanilla_rabitq,0.0,image->text,32,32,500,0.936,0.8506,2125.21,104,1000,768,42
clip-l,flickr30k,vanilla_rabitq_meanshift,0.0,image->text,32,32,0,0.4244,0.4736,9237.98,104,1000,768,42
clip-l,flickr30k,vanilla_rabitq_meanshift,0.0,image->text,32,32,100,0.8105,0.4736,6930.73,104,1000,768,42
clip-l,flickr30k,vanilla_rabitq_meanshift,0.0,image->text,32,32,200,0.8871,0.6553,5195.39,104,1000,768,42
clip-l,flickr30k,vanilla_rabitq_meanshift,0.0,image->text,32,32,250,0.9109,0.7114,4906.88,104,1000,768,42
clip-l,flickr30k,vanilla_rabitq_meanshift,0.0,image->text,32,32,300,0.9249,0.756,4506.02,104,1000,768,42
clip-l,flickr30k,vanilla_rabitq_meanshift,0.0,image->text,32,32,350,0.9349,0.7925,2590.89,104,1000,768,42
clip-l,flickr30k,vanilla_rabitq_meanshift,0.0,image->text,32,32,400,0.9456,0.823,2407.52,104,1000,768,42
clip-l,flickr30k,vanilla_rabitq_meanshift,0.0,image->text,32,32,450,0.9529,0.85,2282.02,104,1000,768,42
clip-l,flickr30k,vanilla_rabitq_meanshift,0.0,image->text,32,32,500,0.9608,0.873,2111.08,104,1000,768,42
clip-l,flickr30k,pmc_1.00,1.0,image->text,32,32,0,0.5584,0.6181,10678.2,104,1000,768,42
clip-l,flickr30k,pmc_1.00,1.0,image->text,32,32,100,0.9491,0.6181,6638.8,104,1000,768,42
clip-l,flickr30k,pmc_1.00,1.0,image->text,32,32,200,0.9854,0.8269,5043.34,104,1000,768,42
clip-l,flickr30k,pmc_1.00,1.0,image->text,32,32,250,0.9913,0.878,4953.99,104,1000,768,42
clip-l,flickr30k,pmc_1.00,1.0,image->text,32,32,300,0.9948,0.9134,4886.36,104,1000,768,42
clip-l,flickr30k,pmc_1.00,1.0,image->text,32,32,350,0.9965,0.9385,2563.95,104,1000,768,42
clip-l,flickr30k,pmc_1.00,1.0,image->text,32,32,400,0.9981,0.9557,2332.83,104,1000,768,42
clip-l,flickr30k,pmc_1.00,1.0,image->text,32,32,450,0.9985,0.9682,2211.44,104,1000,768,42
clip-l,flickr30k,pmc_1.00,1.0,image->text,32,32,500,0.9989,0.9774,2076.52,104,1000,768,42
imagebind,clotho,vanilla_rabitq,0.0,text->audio,8,32,0,0.6906,0.7563,29394.39,136,1045,1024,42
imagebind,clotho,vanilla_rabitq,0.0,text->audio,8,32,100,0.963,0.7563,10525.33,136,1045,1024,42
imagebind,clotho,vanilla_rabitq,0.0,text->audio,8,32,200,0.9644,0.854,7997.06,136,1045,1024,42
imagebind,clotho,vanilla_rabitq,0.0,text->audio,8,32,250,0.9645,0.8576,7455.43,136,1045,1024,42
imagebind,clotho,vanilla_rabitq,0.0,text->audio,8,32,300,0.9645,0.8581,3669.76,136,1045,1024,42
imagebind,clotho,vanilla_rabitq,0.0,text->audio,8,32,350,0.9645,0.8581,3598.15,136,1045,1024,42
imagebind,clotho,vanilla_rabitq,0.0,text->audio,8,32,400,0.9645,0.8581,3604.12,136,1045,1024,42
imagebind,clotho,vanilla_rabitq,0.0,text->audio,8,32,450,0.9645,0.8581,3630.64,136,1045,1024,42
imagebind,clotho,vanilla_rabitq,0.0,text->audio,8,32,500,0.9645,0.8581,3564.96,136,1045,1024,42
imagebind,clotho,vanilla_rabitq_meanshift,0.0,text->audio,8,32,0,0.5513,0.6602,29667.98,136,1045,1024,42
imagebind,clotho,vanilla_rabitq_meanshift,0.0,text->audio,8,32,100,0.9181,0.6602,10115.83,136,1045,1024,42
imagebind,clotho,vanilla_rabitq_meanshift,0.0,text->audio,8,32,200,0.9324,0.7904,7789.14,136,1045,1024,42
imagebind,clotho,vanilla_rabitq_meanshift,0.0,text->audio,8,32,250,0.9331,0.8059,7407.38,136,1045,1024,42
imagebind,clotho,vanilla_rabitq_meanshift,0.0,text->audio,8,32,300,0.9332,0.8102,3703.79,136,1045,1024,42
imagebind,clotho,vanilla_rabitq_meanshift,0.0,text->audio,8,32,350,0.9332,0.8108,3516.11,136,1045,1024,42
imagebind,clotho,vanilla_rabitq_meanshift,0.0,text->audio,8,32,400,0.9332,0.8108,3578.45,136,1045,1024,42
imagebind,clotho,vanilla_rabitq_meanshift,0.0,text->audio,8,32,450,0.9332,0.8108,3524.99,136,1045,1024,42
imagebind,clotho,vanilla_rabitq_meanshift,0.0,text->audio,8,32,500,0.9332,0.8108,3560.66,136,1045,1024,42
imagebind,clotho,pmc_1.00,1.0,text->audio,8,32,0,0.6945,0.7548,28523.81,136,1045,1024,42
imagebind,clotho,pmc_1.00,1.0,text->audio,8,32,100,0.96,0.7548,10333.37,136,1045,1024,42
imagebind,clotho,pmc_1.00,1.0,text->audio,8,32,200,0.9605,0.8343,8300.58,136,1045,1024,42
imagebind,clotho,pmc_1.00,1.0,text->audio,8,32,250,0.9605,0.8358,7321.71,136,1045,1024,42
imagebind,clotho,pmc_1.00,1.0,text->audio,8,32,300,0.9605,0.836,3813.57,136,1045,1024,42
imagebind,clotho,pmc_1.00,1.0,text->audio,8,32,350,0.9605,0.836,3544.66,136,1045,1024,42
imagebind,clotho,pmc_1.00,1.0,text->audio,8,32,400,0.9605,0.836,3596.93,136,1045,1024,42
imagebind,clotho,pmc_1.00,1.0,text->audio,8,32,450,0.9605,0.836,3549.21,136,1045,1024,42
imagebind,clotho,pmc_1.00,1.0,text->audio,8,32,500,0.9605,0.836,3598.52,136,1045,1024,42
imagebind,clotho,vanilla_rabitq,0.0,text->audio,16,32,0,0.6945,0.7795,15804.66,136,1045,1024,42
imagebind,clotho,vanilla_rabitq,0.0,text->audio,16,32,100,0.989,0.7795,8074.22,136,1045,1024,42
imagebind,clotho,vanilla_rabitq,0.0,text->audio,16,32,200,0.9926,0.9378,6622.74,136,1045,1024,42
imagebind,clotho,vanilla_rabitq,0.0,text->audio,16,32,250,0.9927,0.9542,6024.46,136,1045,1024,42
imagebind,clotho,vanilla_rabitq,0.0,text->audio,16,32,300,0.9928,0.961,2737.88,136,1045,1024,42
imagebind,clotho,vanilla_rabitq,0.0,text->audio,16,32,350,0.9929,0.9639,2481.56,136,1045,1024,42
imagebind,clotho,vanilla_rabitq,0.0,text->audio,16,32,400,0.9929,0.9651,2005.64,136,1045,1024,42
imagebind,clotho,vanilla_rabitq,0.0,text->audio,16,32,450,0.9929,0.9656,1747.37,136,1045,1024,42
imagebind,clotho,vanilla_rabitq,0.0,text->audio,16,32,500,0.9929,0.9657,1676.4,136,1045,1024,42
imagebind,clotho,vanilla_rabitq_meanshift,0.0,text->audio,16,32,0,0.5565,0.6766,15698.79,136,1045,1024,42
imagebind,clotho,vanilla_rabitq_meanshift,0.0,text->audio,16,32,100,0.9504,0.6766,6970.03,136,1045,1024,42
imagebind,clotho,vanilla_rabitq_meanshift,0.0,text->audio,16,32,200,0.9754,0.8557,6225.08,136,1045,1024,42
imagebind,clotho,vanilla_rabitq_meanshift,0.0,text->audio,16,32,250,0.9789,0.8901,5843.06,136,1045,1024,42
imagebind,clotho,vanilla_rabitq_meanshift,0.0,text->audio,16,32,300,0.9811,0.9112,2641.72,136,1045,1024,42
imagebind,clotho,vanilla_rabitq_meanshift,0.0,text->audio,16,32,350,0.9821,0.9246,2018.53,136,1045,1024,42
imagebind,clotho,vanilla_rabitq_meanshift,0.0,text->audio,16,32,400,0.9826,0.9334,1913.99,136,1045,1024,42
imagebind,clotho,vanilla_rabitq_meanshift,0.0,text->audio,16,32,450,0.9829,0.9387,1810.19,136,1045,1024,42
imagebind,clotho,vanilla_rabitq_meanshift,0.0,text->audio,16,32,500,0.983,0.9414,1843.68,136,1045,1024,42
imagebind,clotho,pmc_1.00,1.0,text->audio,16,32,0,0.6998,0.7922,15684.85,136,1045,1024,42
imagebind,clotho,pmc_1.00,1.0,text->audio,16,32,100,0.9912,0.7922,7975.71,136,1045,1024,42
imagebind,clotho,pmc_1.00,1.0,text->audio,16,32,200,0.993,0.9395,6388.6,136,1045,1024,42
imagebind,clotho,pmc_1.00,1.0,text->audio,16,32,250,0.9931,0.9515,5631.83,136,1045,1024,42
imagebind,clotho,pmc_1.00,1.0,text->audio,16,32,300,0.9931,0.956,2344.73,136,1045,1024,42
imagebind,clotho,pmc_1.00,1.0,text->audio,16,32,350,0.9931,0.9576,2348.69,136,1045,1024,42
imagebind,clotho,pmc_1.00,1.0,text->audio,16,32,400,0.9931,0.9581,2181.07,136,1045,1024,42
imagebind,clotho,pmc_1.00,1.0,text->audio,16,32,450,0.9931,0.9583,2125.11,136,1045,1024,42
imagebind,clotho,pmc_1.00,1.0,text->audio,16,32,500,0.9931,0.9583,1939.07,136,1045,1024,42
imagebind,clotho,vanilla_rabitq,0.0,text->audio,32,32,0,0.6959,0.7808,8749.79,136,1045,1024,42
imagebind,clotho,vanilla_rabitq,0.0,text->audio,32,32,100,0.9952,0.7808,5435.38,136,1045,1024,42
imagebind,clotho,vanilla_rabitq,0.0,text->audio,32,32,200,0.9993,0.9541,4720.55,136,1045,1024,42
imagebind,clotho,vanilla_rabitq,0.0,text->audio,32,32,250,0.9996,0.9759,4324.97,136,1045,1024,42
imagebind,clotho,vanilla_rabitq,0.0,text->audio,32,32,300,0.9998,0.9868,2379.18,136,1045,1024,42
imagebind,clotho,vanilla_rabitq,0.0,text->audio,32,32,350,0.9998,0.9925,2074.85,136,1045,1024,42
imagebind,clotho,vanilla_rabitq,0.0,text->audio,32,32,400,0.9999,0.9956,1785.85,136,1045,1024,42
imagebind,clotho,vanilla_rabitq,0.0,text->audio,32,32,450,0.9999,0.9974,1673.39,136,1045,1024,42
imagebind,clotho,vanilla_rabitq,0.0,text->audio,32,32,500,1.0,0.9984,1645.28,136,1045,1024,42
imagebind,clotho,vanilla_rabitq_meanshift,0.0,text->audio,32,32,0,0.5578,0.6795,8343.19,136,1045,1024,42
imagebind,clotho,vanilla_rabitq_meanshift,0.0,text->audio,32,32,100,0.959,0.6795,5050.59,136,1045,1024,42
imagebind,clotho,vanilla_rabitq_meanshift,0.0,text->audio,32,32,200,0.9867,0.8691,4681.52,136,1045,1024,42
imagebind,clotho,vanilla_rabitq_meanshift,0.0,text->audio,32,32,250,0.9915,0.9089,4197.73,136,1045,1024,42
imagebind,clotho,vanilla_rabitq_meanshift,0.0,text->audio,32,32,300,0.9943,0.9344,2240.09,136,1045,1024,42
imagebind,clotho,vanilla_rabitq_meanshift,0.0,text->audio,32,32,350,0.996,0.9519,2208.91,136,1045,1024,42
imagebind,clotho,vanilla_rabitq_meanshift,0.0,text->audio,32,32,400,0.9974,0.9644,1940.34,136,1045,1024,42
imagebind,clotho,vanilla_rabitq_meanshift,0.0,text->audio,32,32,450,0.9982,0.9734,1880.49,136,1045,1024,42
imagebind,clotho,vanilla_rabitq_meanshift,0.0,text->audio,32,32,500,0.9986,0.9802,1724.43,136,1045,1024,42
imagebind,clotho,pmc_1.00,1.0,text->audio,32,32,0,0.7001,0.7952,8563.92,136,1045,1024,42
imagebind,clotho,pmc_1.00,1.0,text->audio,32,32,100,0.9972,0.7952,5479.12,136,1045,1024,42
imagebind,clotho,pmc_1.00,1.0,text->audio,32,32,200,0.9997,0.9638,4424.17,136,1045,1024,42
imagebind,clotho,pmc_1.00,1.0,text->audio,32,32,250,0.9999,0.9821,4252.56,136,1045,1024,42
imagebind,clotho,pmc_1.00,1.0,text->audio,32,32,300,1.0,0.9904,2372.87,136,1045,1024,42
imagebind,clotho,pmc_1.00,1.0,text->audio,32,32,350,1.0,0.9947,2156.82,136,1045,1024,42
imagebind,clotho,pmc_1.00,1.0,text->audio,32,32,400,1.0,0.997,1990.57,136,1045,1024,42
imagebind,clotho,pmc_1.00,1.0,text->audio,32,32,450,1.0,0.9983,1811.21,136,1045,1024,42
imagebind,clotho,pmc_1.00,1.0,text->audio,32,32,500,1.0,0.999,1714.05,136,1045,1024,42
imagebind,clotho,vanilla_rabitq,0.0,audio->text,8,72,0,0.4817,0.6214,27722.22,136,5225,1024,42
imagebind,clotho,vanilla_rabitq,0.0,audio->text,8,72,100,0.8761,0.6214,10022.17,136,5225,1024,42
imagebind,clotho,vanilla_rabitq,0.0,audio->text,8,72,200,0.9048,0.7691,6933.52,136,5225,1024,42
imagebind,clotho,vanilla_rabitq,0.0,audio->text,8,72,250,0.9101,0.7977,6417.7,136,5225,1024,42
imagebind,clotho,vanilla_rabitq,0.0,audio->text,8,72,300,0.9133,0.8156,2668.37,136,5225,1024,42
imagebind,clotho,vanilla_rabitq,0.0,audio->text,8,72,350,0.9147,0.827,2448.95,136,5225,1024,42
imagebind,clotho,vanilla_rabitq,0.0,audio->text,8,72,400,0.9162,0.8349,2126.67,136,5225,1024,42
imagebind,clotho,vanilla_rabitq,0.0,audio->text,8,72,450,0.9171,0.8398,1927.98,136,5225,1024,42
imagebind,clotho,vanilla_rabitq,0.0,audio->text,8,72,500,0.9172,0.8427,1817.47,136,5225,1024,42
imagebind,clotho,vanilla_rabitq_meanshift,0.0,audio->text,8,72,0,0.3281,0.5167,28167.42,136,5225,1024,42
imagebind,clotho,vanilla_rabitq_meanshift,0.0,audio->text,8,72,100,0.7937,0.5167,9705.03,136,5225,1024,42
imagebind,clotho,vanilla_rabitq_meanshift,0.0,audio->text,8,72,200,0.8571,0.6894,7293.64,136,5225,1024,42
imagebind,clotho,vanilla_rabitq_meanshift,0.0,audio->text,8,72,250,0.8664,0.7305,6342.54,136,5225,1024,42
imagebind,clotho,vanilla_rabitq_meanshift,0.0,audio->text,8,72,300,0.8709,0.7569,2719.96,136,5225,1024,42
imagebind,clotho,vanilla_rabitq_meanshift,0.0,audio->text,8,72,350,0.8735,0.7732,2496.82,136,5225,1024,42
imagebind,clotho,vanilla_rabitq_meanshift,0.0,audio->text,8,72,400,0.8742,0.7831,2104.35,136,5225,1024,42
imagebind,clotho,vanilla_rabitq_meanshift,0.0,audio->text,8,72,450,0.8749,0.7884,1932.18,136,5225,1024,42
imagebind,clotho,vanilla_rabitq_meanshift,0.0,audio->text,8,72,500,0.8752,0.7913,1802.47,136,5225,1024,42
imagebind,clotho,pmc_1.00,1.0,audio->text,8,72,0,0.5371,0.6724,26534.43,136,5225,1024,42
imagebind,clotho,pmc_1.00,1.0,audio->text,8,72,100,0.899,0.6724,10252.21,136,5225,1024,42
imagebind,clotho,pmc_1.00,1.0,audio->text,8,72,200,0.9065,0.8056,6622.24,136,5225,1024,42
imagebind,clotho,pmc_1.00,1.0,audio->text,8,72,250,0.9067,0.8192,6154.92,136,5225,1024,42
imagebind,clotho,pmc_1.00,1.0,audio->text,8,72,300,0.9068,0.8243,2569.93,136,5225,1024,42
imagebind,clotho,pmc_1.00,1.0,audio->text,8,72,350,0.9069,0.8267,2469.5,136,5225,1024,42
imagebind,clotho,pmc_1.00,1.0,audio->text,8,72,400,0.9069,0.8276,2072.6,136,5225,1024,42
imagebind,clotho,pmc_1.00,1.0,audio->text,8,72,450,0.9069,0.828,1874.91,136,5225,1024,42
imagebind,clotho,pmc_1.00,1.0,audio->text,8,72,500,0.9069,0.8281,1805.73,136,5225,1024,42
imagebind,clotho,vanilla_rabitq,0.0,audio->text,16,72,0,0.4881,0.6366,13355.62,136,5225,1024,42
imagebind,clotho,vanilla_rabitq,0.0,audio->text,16,72,100,0.9073,0.6366,7524.42,136,5225,1024,42
imagebind,clotho,vanilla_rabitq,0.0,audio->text,16,72,200,0.9437,0.8023,5427.37,136,5225,1024,42
imagebind,clotho,vanilla_rabitq,0.0,audio->text,16,72,250,0.9513,0.8383,5421.21,136,5225,1024,42
imagebind,clotho,vanilla_rabitq,0.0,audio->text,16,72,300,0.9567,0.8619,2452.16,136,5225,1024,42
imagebind,clotho,vanilla_rabitq,0.0,audio->text,16,72,350,0.9589,0.878,2253.04,136,5225,1024,42
imagebind,clotho,vanilla_rabitq,0.0,audio->text,16,72,400,0.9609,0.8903,1963.49,136,5225,1024,42
imagebind,clotho,vanilla_rabitq,0.0,audio->text,16,72,450,0.9628,0.8996,1858.67,136,5225,1024,42
imagebind,clotho,vanilla_rabitq,0.0,audio->text,16,72,500,0.9642,0.9064,1671.23,136,5225,1024,42
imagebind,clotho,vanilla_rabitq_meanshift,0.0,audio->text,16,72,0,0.3342,0.5245,13420.94,136,5225,1024,42
imagebind,clotho,vanilla_rabitq_meanshift,0.0,audio->text,16,72,100,0.8184,0.5245,7750.91,136,5225,1024,42
imagebind,clotho,vanilla_rabitq_meanshift,0.0,audio->text,16,72,200,0.8988,0.7119,5465.87,136,5225,1024,42
imagebind,clotho,vanilla_rabitq_meanshift,0.0,audio->text,16,72,250,0.9134,0.7608,5119.95,136,5225,1024,42
imagebind,clotho,vanilla_rabitq_meanshift,0.0,audio->text,16,72,300,0.9229,0.7955,2438.63,136,5225,1024,42
imagebind,clotho,vanilla_rabitq_meanshift,0.0,audio->text,16,72,350,0.928,0.8205,2218.39,136,5225,1024,42
imagebind,clotho,vanilla_rabitq_meanshift,0.0,audio->text,16,72,400,0.932,0.8393,1982.63,136,5225,1024,42
imagebind,clotho,vanilla_rabitq_meanshift,0.0,audio->text,16,72,450,0.9344,0.852,1723.51,136,5225,1024,42
imagebind,clotho,vanilla_rabitq_meanshift,0.0,audio->text,16,72,500,0.9358,0.8618,1523.91,136,5225,1024,42
imagebind,clotho,pmc_1.00,1.0,audio->text,16,72,0,0.5483,0.6997,13098.85,136,5225,1024,42
imagebind,clotho,pmc_1.00,1.0,audio->text,16,72,100,0.9482,0.6997,7007.54,136,5225,1024,42
imagebind,clotho,pmc_1.00,1.0,audio->text,16,72,200,0.9604,0.8706,5223.48,136,5225,1024,42
imagebind,clotho,pmc_1.00,1.0,audio->text,16,72,250,0.9623,0.8945,5173.44,136,5225,1024,42
imagebind,clotho,pmc_1.00,1.0,audio->text,16,72,300,0.9633,0.9062,2429.28,136,5225,1024,42
imagebind,clotho,pmc_1.00,1.0,audio->text,16,72,350,0.9633,0.9118,2231.73,136,5225,1024,42
imagebind,clotho,pmc_1.00,1.0,audio->text,16,72,400,0.9635,0.9153,1871.1,136,5225,1024,42
imagebind,clotho,pmc_1.00,1.0,audio->text,16,72,450,0.9637,0.9175,1761.06,136,5225,1024,42
imagebind,clotho,pmc_1.00,1.0,audio->text,16,72,500,0.9637,0.9189,1709.83,136,5225,1024,42
imagebind,clotho,vanilla_rabitq,0.0,audio->text,64,72,0,0.4894,0.6433,3996.89,136,5225,1024,42
imagebind,clotho,vanilla_rabitq,0.0,audio->text,64,72,100,0.9236,0.6433,3111.23,136,5225,1024,42
imagebind,clotho,vanilla_rabitq,0.0,audio->text,64,72,200,0.9627,0.8191,2827.19,136,5225,1024,42
imagebind,clotho,vanilla_rabitq,0.0,audio->text,64,72,250,0.9717,0.8589,2702.71,136,5225,1024,42
imagebind,clotho,vanilla_rabitq,0.0,audio->text,64,72,300,0.9787,0.8851,1698.37,136,5225,1024,42
imagebind,clotho,vanilla_rabitq,0.0,audio->text,64,72,350,0.9826,0.9045,1625.74,136,5225,1024,42
imagebind,clotho,vanilla_rabitq,0.0,audio->text,64,72,400,0.9844,0.9189,1397.77,136,5225,1024,42
imagebind,clotho,vanilla_rabitq,0.0,audio->text,64,72,450,0.9863,0.9299,1325.84,136,5225,1024,42
imagebind,clotho,vanilla_rabitq,0.0,audio->text,64,72,500,0.9882,0.9389,1315.35,136,5225,1024,42
imagebind,clotho,vanilla_rabitq_meanshift,0.0,audio->text,64,72,0,0.3401,0.5312,3934.07,136,5225,1024,42
imagebind,clotho,vanilla_rabitq_meanshift,0.0,audio->text,64,72,100,0.8392,0.5312,3052.54,136,5225,1024,42
imagebind,clotho,vanilla_rabitq_meanshift,0.0,audio->text,64,72,200,0.9271,0.7282,2827.73,136,5225,1024,42
imagebind,clotho,vanilla_rabitq_meanshift,0.0,audio->text,64,72,250,0.9466,0.7807,2433.75,136,5225,1024,42
imagebind,clotho,vanilla_rabitq_meanshift,0.0,audio->text,64,72,300,0.9563,0.8191,1566.7,136,5225,1024,42
imagebind,clotho,vanilla_rabitq_meanshift,0.0,audio->text,64,72,350,0.9661,0.8482,1353.61,136,5225,1024,42
imagebind,clotho,vanilla_rabitq_meanshift,0.0,audio->text,64,72,400,0.9726,0.8707,1261.57,136,5225,1024,42
imagebind,clotho,vanilla_rabitq_meanshift,0.0,audio->text,64,72,450,0.9777,0.8891,1211.53,136,5225,1024,42
imagebind,clotho,vanilla_rabitq_meanshift,0.0,audio->text,64,72,500,0.9814,0.9033,1129.29,136,5225,1024,42
imagebind,clotho,pmc_1.00,1.0,audio->text,64,72,0,0.5539,0.7143,3931.02,136,5225,1024,42
imagebind,clotho,pmc_1.00,1.0,audio->text,64,72,100,0.9788,0.7143,3081.78,136,5225,1024,42
imagebind,clotho,pmc_1.00,1.0,audio->text,64,72,200,0.9931,0.9105,2657.06,136,5225,1024,42
imagebind,clotho,pmc_1.00,1.0,audio->text,64,72,250,0.9955,0.9432,2610.93,136,5225,1024,42
imagebind,clotho,pmc_1.00,1.0,audio->text,64,72,300,0.9972,0.9616,1555.06,136,5225,1024,42
imagebind,clotho,pmc_1.00,1.0,audio->text,64,72,350,0.9981,0.9723,1502.04,136,5225,1024,42
imagebind,clotho,pmc_1.00,1.0,audio->text,64,72,400,0.9987,0.9797,1481.43,136,5225,1024,42
imagebind,clotho,pmc_1.00,1.0,audio->text,64,72,450,0.9991,0.9844,1382.17,136,5225,1024,42
imagebind,clotho,pmc_1.00,1.0,audio->text,64,72,500,0.9996,0.9878,1277.57,136,5225,1024,42
imagebind,audiocaps,vanilla_rabitq,0.0,text->audio,8,66,0,0.5608,0.7069,32677.44,136,4411,1024,42
imagebind,audiocaps,vanilla_rabitq,0.0,text->audio,8,66,100,0.9382,0.7069,10263.51,136,4411,1024,42
imagebind,audiocaps,vanilla_rabitq,0.0,text->audio,8,66,200,0.9441,0.8468,7378.21,136,4411,1024,42
imagebind,audiocaps,vanilla_rabitq,0.0,text->audio,8,66,250,0.9443,0.8599,6808.29,136,4411,1024,42
imagebind,audiocaps,vanilla_rabitq,0.0,text->audio,8,66,300,0.9445,0.8654,2763.34,136,4411,1024,42
imagebind,audiocaps,vanilla_rabitq,0.0,text->audio,8,66,350,0.9447,0.8682,2145.0,136,4411,1024,42
imagebind,audiocaps,vanilla_rabitq,0.0,text->audio,8,66,400,0.9447,0.8693,2037.51,136,4411,1024,42
imagebind,audiocaps,vanilla_rabitq,0.0,text->audio,8,66,450,0.9447,0.8696,1888.08,136,4411,1024,42
imagebind,audiocaps,vanilla_rabitq,0.0,text->audio,8,66,500,0.9447,0.8697,1958.67,136,4411,1024,42
imagebind,audiocaps,vanilla_rabitq_meanshift,0.0,text->audio,8,66,0,0.4591,0.5947,25331.1,136,4411,1024,42
imagebind,audiocaps,vanilla_rabitq_meanshift,0.0,text->audio,8,66,100,0.827,0.5947,9218.33,136,4411,1024,42
imagebind,audiocaps,vanilla_rabitq_meanshift,0.0,text->audio,8,66,200,0.8465,0.7303,7431.49,136,4411,1024,42
imagebind,audiocaps,vanilla_rabitq_meanshift,0.0,text->audio,8,66,250,0.8493,0.7517,7072.59,136,4411,1024,42
imagebind,audiocaps,vanilla_rabitq_meanshift,0.0,text->audio,8,66,300,0.8506,0.7638,2744.86,136,4411,1024,42
imagebind,audiocaps,vanilla_rabitq_meanshift,0.0,text->audio,8,66,350,0.8511,0.7708,2098.07,136,4411,1024,42
imagebind,audiocaps,vanilla_rabitq_meanshift,0.0,text->audio,8,66,400,0.8517,0.7746,2137.33,136,4411,1024,42
imagebind,audiocaps,vanilla_rabitq_meanshift,0.0,text->audio,8,66,450,0.8518,0.7768,1959.57,136,4411,1024,42
imagebind,audiocaps,vanilla_rabitq_meanshift,0.0,text->audio,8,66,500,0.8519,0.7779,1805.26,136,4411,1024,42
imagebind,audiocaps,pmc_1.00,1.0,text->audio,8,66,0,0.6001,0.724,28379.28,136,4411,1024,42
imagebind,audiocaps,pmc_1.00,1.0,text->audio,8,66,100,0.9256,0.724,9703.84,136,4411,1024,42
imagebind,audiocaps,pmc_1.00,1.0,text->audio,8,66,200,0.9299,0.8356,7579.57,136,4411,1024,42
imagebind,audiocaps,pmc_1.00,1.0,text->audio,8,66,250,0.93,0.8433,6862.56,136,4411,1024,42
imagebind,audiocaps,pmc_1.00,1.0,text->audio,8,66,300,0.93,0.8455,2805.28,136,4411,1024,42
imagebind,audiocaps,pmc_1.00,1.0,text->audio,8,66,350,0.93,0.8465,2526.82,136,4411,1024,42
imagebind,audiocaps,pmc_1.00,1.0,text->audio,8,66,400,0.93,0.8469,2215.38,136,4411,1024,42
imagebind,audiocaps,pmc_1.00,1.0,text->audio,8,66,450,0.93,0.8471,1957.64,136,4411,1024,42
imagebind,audiocaps,pmc_1.00,1.0,text->audio,8,66,500,0.93,0.8471,1550.22,136,4411,1024,42
imagebind,audiocaps,vanilla_rabitq,0.0,text->audio,16,66,0,0.5688,0.7158,14215.63,136,4411,1024,42
imagebind,audiocaps,vanilla_rabitq,0.0,text->audio,16,66,100,0.9736,0.7158,7165.32,136,4411,1024,42
imagebind,audiocaps,vanilla_rabitq,0.0,text->audio,16,66,200,0.984,0.8964,6231.15,136,4411,1024,42
imagebind,audiocaps,vanilla_rabitq,0.0,text->audio,16,66,250,0.9849,0.9213,5827.06,136,4411,1024,42
imagebind,audiocaps,vanilla_rabitq,0.0,text->audio,16,66,300,0.9854,0.9347,2639.19,136,4411,1024,42
imagebind,audiocaps,vanilla_rabitq,0.0,text->audio,16,66,350,0.9857,0.9419,2314.39,136,4411,1024,42
imagebind,audiocaps,vanilla_rabitq,0.0,text->audio,16,66,400,0.9858,0.946,2140.99,136,4411,1024,42
imagebind,audiocaps,vanilla_rabitq,0.0,text->audio,16,66,450,0.986,0.9486,1873.57,136,4411,1024,42
imagebind,audiocaps,vanilla_rabitq,0.0,text->audio,16,66,500,0.9861,0.9503,1711.69,136,4411,1024,42
imagebind,audiocaps,vanilla_rabitq_meanshift,0.0,text->audio,16,66,0,0.4622,0.6025,16161.4,136,4411,1024,42
imagebind,audiocaps,vanilla_rabitq_meanshift,0.0,text->audio,16,66,100,0.859,0.6025,7775.85,136,4411,1024,42
imagebind,audiocaps,vanilla_rabitq_meanshift,0.0,text->audio,16,66,200,0.8878,0.7595,6188.55,136,4411,1024,42
imagebind,audiocaps,vanilla_rabitq_meanshift,0.0,text->audio,16,66,250,0.8925,0.7899,5924.07,136,4411,1024,42
imagebind,audiocaps,vanilla_rabitq_meanshift,0.0,text->audio,16,66,300,0.8968,0.8097,2573.64,136,4411,1024,42
imagebind,audiocaps,vanilla_rabitq_meanshift,0.0,text->audio,16,66,350,0.9001,0.8235,2340.73,136,4411,1024,42
imagebind,audiocaps,vanilla_rabitq_meanshift,0.0,text->audio,16,66,400,0.9029,0.8344,2159.59,136,4411,1024,42
imagebind,audiocaps,vanilla_rabitq_meanshift,0.0,text->audio,16,66,450,0.9046,0.8417,1913.62,136,4411,1024,42
imagebind,audiocaps,vanilla_rabitq_meanshift,0.0,text->audio,16,66,500,0.9049,0.8471,1752.0,136,4411,1024,42
imagebind,audiocaps,pmc_1.00,1.0,text->audio,16,66,0,0.6085,0.7478,16150.81,136,4411,1024,42
imagebind,audiocaps,pmc_1.00,1.0,text->audio,16,66,100,0.9705,0.7478,7666.19,136,4411,1024,42
imagebind,audiocaps,pmc_1.00,1.0,text->audio,16,66,200,0.9793,0.9059,6264.64,136,4411,1024,42
imagebind,audiocaps,pmc_1.00,1.0,text->audio,16,66,250,0.9808,0.9248,5760.52,136,4411,1024,42
imagebind,audiocaps,pmc_1.00,1.0,text->audio,16,66,300,0.9812,0.9334,2585.95,136,4411,1024,42
imagebind,audiocaps,pmc_1.00,1.0,text->audio,16,66,350,0.9813,0.9379,2385.94,136,4411,1024,42
imagebind,audiocaps,pmc_1.00,1.0,text->audio,16,66,400,0.9813,0.94,2156.14,136,4411,1024,42
imagebind,audiocaps,pmc_1.00,1.0,text->audio,16,66,450,0.9813,0.9413,1873.29,136,4411,1024,42
imagebind,audiocaps,pmc_1.00,1.0,text->audio,16,66,500,0.9813,0.9422,1752.24,136,4411,1024,42
imagebind,audiocaps,vanilla_rabitq,0.0,text->audio,64,66,0,0.568,0.7114,4430.49,136,4411,1024,42
imagebind,audiocaps,vanilla_rabitq,0.0,text->audio,64,66,100,0.9797,0.7114,3217.4,136,4411,1024,42
imagebind,audiocaps,vanilla_rabitq,0.0,text->audio,64,66,200,0.995,0.9055,2915.47,136,4411,1024,42
imagebind,audiocaps,vanilla_rabitq,0.0,text->audio,64,66,250,0.9961,0.9384,2963.78,136,4411,1024,42
imagebind,audiocaps,vanilla_rabitq,0.0,text->audio,64,66,300,0.9973,0.9575,1773.39,136,4411,1024,42
imagebind,audiocaps,vanilla_rabitq,0.0,text->audio,64,66,350,0.9982,0.9692,1649.47,136,4411,1024,42
imagebind,audiocaps,vanilla_rabitq,0.0,text->audio,64,66,400,0.9988,0.9771,1528.33,136,4411,1024,42
imagebind,audiocaps,vanilla_rabitq,0.0,text->audio,64,66,450,0.9992,0.9824,1398.38,136,4411,1024,42
imagebind,audiocaps,vanilla_rabitq,0.0,text->audio,64,66,500,0.9992,0.9863,1330.35,136,4411,1024,42
imagebind,audiocaps,vanilla_rabitq_meanshift,0.0,text->audio,64,66,0,0.4653,0.6097,4392.8,136,4411,1024,42
imagebind,audiocaps,vanilla_rabitq_meanshift,0.0,text->audio,64,66,100,0.8888,0.6097,3154.14,136,4411,1024,42
imagebind,audiocaps,vanilla_rabitq_meanshift,0.0,text->audio,64,66,200,0.9332,0.7814,2879.34,136,4411,1024,42
imagebind,audiocaps,vanilla_rabitq_meanshift,0.0,text->audio,64,66,250,0.9432,0.8173,2706.13,136,4411,1024,42
imagebind,audiocaps,vanilla_rabitq_meanshift,0.0,text->audio,64,66,300,0.9499,0.8431,1770.26,136,4411,1024,42
imagebind,audiocaps,vanilla_rabitq_meanshift,0.0,text->audio,64,66,350,0.9568,0.8623,1629.7,136,4411,1024,42
imagebind,audiocaps,vanilla_rabitq_meanshift,0.0,text->audio,64,66,400,0.961,0.8774,1548.31,136,4411,1024,42
imagebind,audiocaps,vanilla_rabitq_meanshift,0.0,text->audio,64,66,450,0.9656,0.8895,1421.26,136,4411,1024,42
imagebind,audiocaps,vanilla_rabitq_meanshift,0.0,text->audio,64,66,500,0.9688,0.8995,1289.96,136,4411,1024,42
imagebind,audiocaps,pmc_1.00,1.0,text->audio,64,66,0,0.6108,0.7521,4259.64,136,4411,1024,42
imagebind,audiocaps,pmc_1.00,1.0,text->audio,64,66,100,0.9823,0.7521,2786.56,136,4411,1024,42
imagebind,audiocaps,pmc_1.00,1.0,text->audio,64,66,200,0.9954,0.9285,2795.08,136,4411,1024,42
imagebind,audiocaps,pmc_1.00,1.0,text->audio,64,66,250,0.9978,0.9548,2793.64,136,4411,1024,42
imagebind,audiocaps,pmc_1.00,1.0,text->audio,64,66,300,0.9986,0.9695,1668.98,136,4411,1024,42
imagebind,audiocaps,pmc_1.00,1.0,text->audio,64,66,350,0.9993,0.9788,1557.74,136,4411,1024,42
imagebind,audiocaps,pmc_1.00,1.0,text->audio,64,66,400,0.9995,0.9843,1505.79,136,4411,1024,42
imagebind,audiocaps,pmc_1.00,1.0,text->audio,64,66,450,0.9999,0.9884,1336.37,136,4411,1024,42
imagebind,audiocaps,pmc_1.00,1.0,text->audio,64,66,500,1.0,0.9911,1278.02,136,4411,1024,42
imagebind,audiocaps,vanilla_rabitq,0.0,audio->text,8,66,0,0.4348,0.6104,28041.0,136,4411,1024,42
imagebind,audiocaps,vanilla_rabitq,0.0,audio->text,8,66,100,0.8404,0.6104,8873.63,136,4411,1024,42
imagebind,audiocaps,vanilla_rabitq,0.0,audio->text,8,66,200,0.8827,0.7413,6486.02,136,4411,1024,42
imagebind,audiocaps,vanilla_rabitq,0.0,audio->text,8,66,250,0.8914,0.7706,6001.44,136,4411,1024,42
imagebind,audiocaps,vanilla_rabitq,0.0,audio->text,8,66,300,0.8963,0.7909,2635.28,136,4411,1024,42
imagebind,audiocaps,vanilla_rabitq,0.0,audio->text,8,66,350,0.9,0.8052,2359.33,136,4411,1024,42
imagebind,audiocaps,vanilla_rabitq,0.0,audio->text,8,66,400,0.9034,0.8147,2182.04,136,4411,1024,42
imagebind,audiocaps,vanilla_rabitq,0.0,audio->text,8,66,450,0.9045,0.8208,2085.34,136,4411,1024,42
imagebind,audiocaps,vanilla_rabitq,0.0,audio->text,8,66,500,0.905,0.8248,1929.79,136,4411,1024,42
imagebind,audiocaps,vanilla_rabitq_meanshift,0.0,audio->text,8,66,0,0.3375,0.525,28735.48,136,4411,1024,42
imagebind,audiocaps,vanilla_rabitq_meanshift,0.0,audio->text,8,66,100,0.7538,0.525,9771.86,136,4411,1024,42
imagebind,audiocaps,vanilla_rabitq_meanshift,0.0,audio->text,8,66,200,0.8193,0.6665,7615.73,136,4411,1024,42
imagebind,audiocaps,vanilla_rabitq_meanshift,0.0,audio->text,8,66,250,0.8333,0.7,6872.86,136,4411,1024,42
imagebind,audiocaps,vanilla_rabitq_meanshift,0.0,audio->text,8,66,300,0.8418,0.7237,2934.58,136,4411,1024,42
imagebind,audiocaps,vanilla_rabitq_meanshift,0.0,audio->text,8,66,350,0.8454,0.7398,2455.82,136,4411,1024,42
imagebind,audiocaps,vanilla_rabitq_meanshift,0.0,audio->text,8,66,400,0.8492,0.7507,2225.37,136,4411,1024,42
imagebind,audiocaps,vanilla_rabitq_meanshift,0.0,audio->text,8,66,450,0.8531,0.7592,1973.98,136,4411,1024,42
imagebind,audiocaps,vanilla_rabitq_meanshift,0.0,audio->text,8,66,500,0.8539,0.7647,1906.61,136,4411,1024,42
imagebind,audiocaps,pmc_1.00,1.0,audio->text,8,66,0,0.5163,0.6819,25672.21,136,4411,1024,42
imagebind,audiocaps,pmc_1.00,1.0,audio->text,8,66,100,0.8942,0.6819,9874.24,136,4411,1024,42
imagebind,audiocaps,pmc_1.00,1.0,audio->text,8,66,200,0.9056,0.8056,7420.81,136,4411,1024,42
imagebind,audiocaps,pmc_1.00,1.0,audio->text,8,66,250,0.9076,0.8214,6854.95,136,4411,1024,42
imagebind,audiocaps,pmc_1.00,1.0,audio->text,8,66,300,0.9087,0.8285,2894.1,136,4411,1024,42
imagebind,audiocaps,pmc_1.00,1.0,audio->text,8,66,350,0.9083,0.8318,2444.46,136,4411,1024,42
imagebind,audiocaps,pmc_1.00,1.0,audio->text,8,66,400,0.9086,0.8332,2230.08,136,4411,1024,42
imagebind,audiocaps,pmc_1.00,1.0,audio->text,8,66,450,0.9081,0.834,2066.33,136,4411,1024,42
imagebind,audiocaps,pmc_1.00,1.0,audio->text,8,66,500,0.9076,0.8343,1798.63,136,4411,1024,42
imagebind,audiocaps,vanilla_rabitq,0.0,audio->text,16,66,0,0.4419,0.6242,15773.55,136,4411,1024,42
imagebind,audiocaps,vanilla_rabitq,0.0,audio->text,16,66,100,0.8678,0.6242,6832.84,136,4411,1024,42
imagebind,audiocaps,vanilla_rabitq,0.0,audio->text,16,66,200,0.9173,0.7747,5417.64,136,4411,1024,42
imagebind,audiocaps,vanilla_rabitq,0.0,audio->text,16,66,250,0.9287,0.8085,5140.07,136,4411,1024,42
imagebind,audiocaps,vanilla_rabitq,0.0,audio->text,16,66,300,0.9363,0.833,2512.78,136,4411,1024,42
imagebind,audiocaps,vanilla_rabitq,0.0,audio->text,16,66,350,0.942,0.8511,2183.12,136,4411,1024,42
imagebind,audiocaps,vanilla_rabitq,0.0,audio->text,16,66,400,0.9455,0.8651,2136.65,136,4411,1024,42
imagebind,audiocaps,vanilla_rabitq,0.0,audio->text,16,66,450,0.9484,0.8762,1950.9,136,4411,1024,42
imagebind,audiocaps,vanilla_rabitq,0.0,audio->text,16,66,500,0.9493,0.8856,1820.33,136,4411,1024,42
imagebind,audiocaps,vanilla_rabitq_meanshift,0.0,audio->text,16,66,0,0.3456,0.5376,16288.27,136,4411,1024,42
imagebind,audiocaps,vanilla_rabitq_meanshift,0.0,audio->text,16,66,100,0.7842,0.5376,7740.92,136,4411,1024,42
imagebind,audiocaps,vanilla_rabitq_meanshift,0.0,audio->text,16,66,200,0.86,0.6955,6126.45,136,4411,1024,42
imagebind,audiocaps,vanilla_rabitq_meanshift,0.0,audio->text,16,66,250,0.8776,0.7365,5807.25,136,4411,1024,42
imagebind,audiocaps,vanilla_rabitq_meanshift,0.0,audio->text,16,66,300,0.8892,0.7658,2736.68,136,4411,1024,42
imagebind,audiocaps,vanilla_rabitq_meanshift,0.0,audio->text,16,66,350,0.8968,0.7891,2328.84,136,4411,1024,42
imagebind,audiocaps,vanilla_rabitq_meanshift,0.0,audio->text,16,66,400,0.9039,0.8068,2076.22,136,4411,1024,42
imagebind,audiocaps,vanilla_rabitq_meanshift,0.0,audio->text,16,66,450,0.9094,0.8215,1865.85,136,4411,1024,42
imagebind,audiocaps,vanilla_rabitq_meanshift,0.0,audio->text,16,66,500,0.9143,0.8335,1791.97,136,4411,1024,42
imagebind,audiocaps,pmc_1.00,1.0,audio->text,16,66,0,0.522,0.7027,15971.75,136,4411,1024,42
imagebind,audiocaps,pmc_1.00,1.0,audio->text,16,66,100,0.9371,0.7027,7627.71,136,4411,1024,42
imagebind,audiocaps,pmc_1.00,1.0,audio->text,16,66,200,0.9546,0.8587,6120.04,136,4411,1024,42
imagebind,audiocaps,pmc_1.00,1.0,audio->text,16,66,250,0.9562,0.8847,5675.81,136,4411,1024,42
imagebind,audiocaps,pmc_1.00,1.0,audio->text,16,66,300,0.9575,0.8992,2720.6,136,4411,1024,42
imagebind,audiocaps,pmc_1.00,1.0,audio->text,16,66,350,0.9591,0.908,2313.69,136,4411,1024,42
imagebind,audiocaps,pmc_1.00,1.0,audio->text,16,66,400,0.9608,0.9139,2101.62,136,4411,1024,42
imagebind,audiocaps,pmc_1.00,1.0,audio->text,16,66,450,0.9599,0.9176,1962.15,136,4411,1024,42
imagebind,audiocaps,pmc_1.00,1.0,audio->text,16,66,500,0.9597,0.9202,1762.18,136,4411,1024,42
imagebind,audiocaps,vanilla_rabitq,0.0,audio->text,64,66,0,0.4445,0.6297,4387.36,136,4411,1024,42
imagebind,audiocaps,vanilla_rabitq,0.0,audio->text,64,66,100,0.883,0.6297,3143.8,136,4411,1024,42
imagebind,audiocaps,vanilla_rabitq,0.0,audio->text,64,66,200,0.9343,0.7949,3106.89,136,4411,1024,42
imagebind,audiocaps,vanilla_rabitq,0.0,audio->text,64,66,250,0.9465,0.8332,2993.9,136,4411,1024,42
imagebind,audiocaps,vanilla_rabitq,0.0,audio->text,64,66,300,0.953,0.8606,1778.21,136,4411,1024,42
imagebind,audiocaps,vanilla_rabitq,0.0,audio->text,64,66,350,0.961,0.881,1641.31,136,4411,1024,42
imagebind,audiocaps,vanilla_rabitq,0.0,audio->text,64,66,400,0.9661,0.8967,1441.88,136,4411,1024,42
imagebind,audiocaps,vanilla_rabitq,0.0,audio->text,64,66,450,0.9687,0.9085,1320.01,136,4411,1024,42
imagebind,audiocaps,vanilla_rabitq,0.0,audio->text,64,66,500,0.9721,0.9185,1327.01,136,4411,1024,42
imagebind,audiocaps,vanilla_rabitq_meanshift,0.0,audio->text,64,66,0,0.3492,0.5457,4519.17,136,4411,1024,42
imagebind,audiocaps,vanilla_rabitq_meanshift,0.0,audio->text,64,66,100,0.8016,0.5457,3300.85,136,4411,1024,42
imagebind,audiocaps,vanilla_rabitq_meanshift,0.0,audio->text,64,66,200,0.8824,0.7143,3152.91,136,4411,1024,42
imagebind,audiocaps,vanilla_rabitq_meanshift,0.0,audio->text,64,66,250,0.9026,0.7592,2853.59,136,4411,1024,42
imagebind,audiocaps,vanilla_rabitq_meanshift,0.0,audio->text,64,66,300,0.913,0.7924,1856.37,136,4411,1024,42
imagebind,audiocaps,vanilla_rabitq_meanshift,0.0,audio->text,64,66,350,0.9255,0.819,1668.29,136,4411,1024,42
imagebind,audiocaps,vanilla_rabitq_meanshift,0.0,audio->text,64,66,400,0.9326,0.8397,1574.13,136,4411,1024,42
imagebind,audiocaps,vanilla_rabitq_meanshift,0.0,audio->text,64,66,450,0.9397,0.8565,1462.26,136,4411,1024,42
imagebind,audiocaps,vanilla_rabitq_meanshift,0.0,audio->text,64,66,500,0.9466,0.8708,1386.91,136,4411,1024,42
imagebind,audiocaps,pmc_1.00,1.0,audio->text,64,66,0,0.525,0.7124,4601.01,136,4411,1024,42
imagebind,audiocaps,pmc_1.00,1.0,audio->text,64,66,100,0.9557,0.7124,3343.96,136,4411,1024,42
imagebind,audiocaps,pmc_1.00,1.0,audio->text,64,66,200,0.9823,0.8903,3247.79,136,4411,1024,42
imagebind,audiocaps,pmc_1.00,1.0,audio->text,64,66,250,0.9861,0.9216,2807.95,136,4411,1024,42
imagebind,audiocaps,pmc_1.00,1.0,audio->text,64,66,300,0.988,0.9426,1802.81,136,4411,1024,42
imagebind,audiocaps,pmc_1.00,1.0,audio->text,64,66,350,0.9898,0.9564,1669.47,136,4411,1024,42
imagebind,audiocaps,pmc_1.00,1.0,audio->text,64,66,400,0.9911,0.9652,1558.99,136,4411,1024,42
imagebind,audiocaps,pmc_1.00,1.0,audio->text,64,66,450,0.9916,0.9723,1479.12,136,4411,1024,42
imagebind,audiocaps,pmc_1.00,1.0,audio->text,64,66,500,0.9929,0.9768,1374.98,136,4411,1024,42
