backbone,dataset,method,alpha,direction,nprobe,rerank_k,r10,r100,qps,bytes_per_vec,n_vectors,d,seed
clip,mscoco,ivfpq_vanilla,0.0,text->image,16,0,0.3978,0.5429,66085.82,64,5000,512,42
clip,mscoco,ivfpq_vanilla,0.0,text->image,16,100,0.8931,0.5429,8603.17,64,5000,512,42
clip,mscoco,ivfpq_vanilla,0.0,text->image,16,200,0.9197,0.7311,6205.33,64,5000,512,42
clip,mscoco,ivfpq_vanilla,0.0,text->image,16,500,0.9241,0.8223,4382.31,64,5000,512,42
clip,mscoco,ivfpq_vanilla,0.0,text->image,16,1000,0.9243,0.8275,841.17,64,5000,512,42
clip,mscoco,ivfpq_pmc_1.00,1.0,text->image,16,0,0.4955,0.6322,64969.32,64,5000,512,42
clip,mscoco,ivfpq_pmc_1.00,1.0,text->image,16,100,0.9168,0.6322,8043.38,64,5000,512,42
clip,mscoco,ivfpq_pmc_1.00,1.0,text->image,16,200,0.9399,0.7907,5357.79,64,5000,512,42
clip,mscoco,ivfpq_pmc_1.00,1.0,text->image,16,500,0.9449,0.8609,2567.94,64,5000,512,42
clip,mscoco,ivfpq_pmc_1.00,1.0,text->image,16,1000,0.9453,0.8675,687.34,64,5000,512,42
clip,mscoco,opq_vanilla,0.0,text->image,16,0,0.4979,0.6154,60350.03,64,5000,512,42
clip,mscoco,opq_vanilla,0.0,text->image,16,100,0.9151,0.6154,7851.57,64,5000,512,42
clip,mscoco,opq_vanilla,0.0,text->image,16,200,0.9236,0.7786,5945.99,64,5000,512,42
clip,mscoco,opq_vanilla,0.0,text->image,16,500,0.9243,0.8263,3969.9,64,5000,512,42
clip,mscoco,opq_vanilla,0.0,text->image,16,1000,0.9243,0.8275,829.09,64,5000,512,42
clip,mscoco,opq_pmc_1.00,1.0,text->image,16,0,0.5221,0.6588,58962.33,64,5000,512,42
clip,mscoco,opq_pmc_1.00,1.0,text->image,16,100,0.9242,0.6588,13363.53,64,5000,512,42
clip,mscoco,opq_pmc_1.00,1.0,text->image,16,200,0.9416,0.8076,9375.63,64,5000,512,42
clip,mscoco,opq_pmc_1.00,1.0,text->image,16,500,0.9449,0.8632,4926.82,64,5000,512,42
clip,mscoco,opq_pmc_1.00,1.0,text->image,16,1000,0.9453,0.8676,965.66,64,5000,512,42
clip,mscoco,ivfpq_vanilla,0.0,text->image,64,0,0.4044,0.5596,27023.32,64,5000,512,42
clip,mscoco,ivfpq_vanilla,0.0,text->image,64,100,0.9446,0.5596,6958.18,64,5000,512,42
clip,mscoco,ivfpq_vanilla,0.0,text->image,64,200,0.9854,0.7844,4896.61,64,5000,512,42
clip,mscoco,ivfpq_vanilla,0.0,text->image,64,500,0.9981,0.9527,3241.76,64,5000,512,42
clip,mscoco,ivfpq_vanilla,0.0,text->image,64,1000,0.9995,0.9918,692.75,64,5000,512,42
clip,mscoco,ivfpq_pmc_1.00,1.0,text->image,64,0,0.5019,0.6545,19318.67,64,5000,512,42
clip,mscoco,ivfpq_pmc_1.00,1.0,text->image,64,100,0.9536,0.6545,5981.18,64,5000,512,42
clip,mscoco,ivfpq_pmc_1.00,1.0,text->image,64,200,0.9853,0.8462,6973.06,64,5000,512,42
clip,mscoco,ivfpq_pmc_1.00,1.0,text->image,64,500,0.9967,0.9625,3092.73,64,5000,512,42
clip,mscoco,ivfpq_pmc_1.00,1.0,text->image,64,1000,0.999,0.9898,659.55,64,5000,512,42
clip,mscoco,opq_vanilla,0.0,text->image,64,0,0.5095,0.6455,22696.23,64,5000,512,42
clip,mscoco,opq_vanilla,0.0,text->image,64,100,0.9799,0.6455,5381.51,64,5000,512,42
clip,mscoco,opq_vanilla,0.0,text->image,64,200,0.9961,0.8642,4369.53,64,5000,512,42
clip,mscoco,opq_vanilla,0.0,text->image,64,500,0.9991,0.9803,3042.58,64,5000,512,42
clip,mscoco,opq_vanilla,0.0,text->image,64,1000,0.9997,0.9976,770.18,64,5000,512,42
clip,mscoco,opq_pmc_1.00,1.0,text->image,64,0,0.5299,0.6855,19771.3,64,5000,512,42
clip,mscoco,opq_pmc_1.00,1.0,text->image,64,100,0.9641,0.6855,6607.72,64,5000,512,42
clip,mscoco,opq_pmc_1.00,1.0,text->image,64,200,0.989,0.8722,5026.96,64,5000,512,42
clip,mscoco,opq_pmc_1.00,1.0,text->image,64,500,0.9974,0.9717,3174.41,64,5000,512,42
clip,mscoco,opq_pmc_1.00,1.0,text->image,64,1000,0.9993,0.9927,805.19,64,5000,512,42
clip,mscoco,ivfpq_vanilla,0.0,image->text,16,0,0.3114,0.4933,79915.61,64,5000,512,42
clip,mscoco,ivfpq_vanilla,0.0,image->text,16,100,0.8774,0.4933,10017.32,64,5000,512,42
clip,mscoco,ivfpq_vanilla,0.0,image->text,16,200,0.9294,0.6961,8608.09,64,5000,512,42
clip,mscoco,ivfpq_vanilla,0.0,image->text,16,500,0.9406,0.8312,4236.65,64,5000,512,42
clip,mscoco,ivfpq_vanilla,0.0,image->text,16,1000,0.9408,0.8438,752.75,64,5000,512,42
clip,mscoco,ivfpq_pmc_1.00,1.0,image->text,16,0,0.4737,0.6428,60825.4,64,5000,512,42
clip,mscoco,ivfpq_pmc_1.00,1.0,image->text,16,100,0.9093,0.6428,9382.5,64,5000,512,42
clip,mscoco,ivfpq_pmc_1.00,1.0,image->text,16,200,0.9418,0.8006,7117.35,64,5000,512,42
clip,mscoco,ivfpq_pmc_1.00,1.0,image->text,16,500,0.9602,0.884,4425.29,64,5000,512,42
clip,mscoco,ivfpq_pmc_1.00,1.0,image->text,16,1000,0.9649,0.9027,773.47,64,5000,512,42
clip,mscoco,opq_vanilla,0.0,image->text,16,0,0.532,0.6699,67758.67,64,5000,512,42
clip,mscoco,opq_vanilla,0.0,image->text,16,100,0.9394,0.6699,8934.13,64,5000,512,42
clip,mscoco,opq_vanilla,0.0,image->text,16,200,0.9408,0.8208,4511.84,64,5000,512,42
clip,mscoco,opq_vanilla,0.0,image->text,16,500,0.9407,0.8438,2999.09,64,5000,512,42
clip,mscoco,opq_vanilla,0.0,image->text,16,1000,0.9408,0.8438,694.7,64,5000,512,42
clip,mscoco,opq_pmc_1.00,1.0,image->text,16,0,0.4857,0.6654,60353.16,64,5000,512,42
clip,mscoco,opq_pmc_1.00,1.0,image->text,16,100,0.9133,0.6654,8441.66,64,5000,512,42
clip,mscoco,opq_pmc_1.00,1.0,image->text,16,200,0.9465,0.8147,6177.92,64,5000,512,42
clip,mscoco,opq_pmc_1.00,1.0,image->text,16,500,0.9614,0.8882,2985.1,64,5000,512,42
clip,mscoco,opq_pmc_1.00,1.0,image->text,16,1000,0.9652,0.9039,639.83,64,5000,512,42
clip,mscoco,ivfpq_vanilla,0.0,image->text,64,0,0.3144,0.4949,22154.72,64,5000,512,42
clip,mscoco,ivfpq_vanilla,0.0,image->text,64,100,0.9006,0.4949,6678.66,64,5000,512,42
clip,mscoco,ivfpq_vanilla,0.0,image->text,64,200,0.9711,0.7121,5082.2,64,5000,512,42
clip,mscoco,ivfpq_vanilla,0.0,image->text,64,500,0.9967,0.9179,3171.72,64,5000,512,42
clip,mscoco,ivfpq_vanilla,0.0,image->text,64,1000,0.9993,0.9851,715.56,64,5000,512,42
clip,mscoco,ivfpq_pmc_1.00,1.0,image->text,64,0,0.4762,0.6527,18031.27,64,5000,512,42
clip,mscoco,ivfpq_pmc_1.00,1.0,image->text,64,100,0.9265,0.6527,6653.03,64,5000,512,42
clip,mscoco,ivfpq_pmc_1.00,1.0,image->text,64,200,0.9644,0.8283,7203.6,64,5000,512,42
clip,mscoco,ivfpq_pmc_1.00,1.0,image->text,64,500,0.9878,0.942,3233.08,64,5000,512,42
clip,mscoco,ivfpq_pmc_1.00,1.0,image->text,64,1000,0.9955,0.9785,803.51,64,5000,512,42
clip,mscoco,opq_vanilla,0.0,image->text,64,0,0.5415,0.6974,20785.51,64,5000,512,42
clip,mscoco,opq_vanilla,0.0,image->text,64,100,0.9945,0.6974,6812.93,64,5000,512,42
clip,mscoco,opq_vanilla,0.0,image->text,64,200,0.9991,0.9122,5393.69,64,5000,512,42
clip,mscoco,opq_vanilla,0.0,image->text,64,500,0.9994,0.9948,3939.29,64,5000,512,42
clip,mscoco,opq_vanilla,0.0,image->text,64,1000,0.9994,0.9998,778.71,64,5000,512,42
clip,mscoco,opq_pmc_1.00,1.0,image->text,64,0,0.4891,0.6799,21258.86,64,5000,512,42
clip,mscoco,opq_pmc_1.00,1.0,image->text,64,100,0.931,0.6799,6821.37,64,5000,512,42
clip,mscoco,opq_pmc_1.00,1.0,image->text,64,200,0.9694,0.8475,5294.26,64,5000,512,42
clip,mscoco,opq_pmc_1.00,1.0,image->text,64,500,0.9897,0.9498,3306.91,64,5000,512,42
clip,mscoco,opq_pmc_1.00,1.0,image->text,64,1000,0.9962,0.9823,766.4,64,5000,512,42
clip-l,mscoco,ivfpq_vanilla,0.0,text->image,16,0,0.2402,0.4338,57690.55,64,5000,768,42
clip-l,mscoco,ivfpq_vanilla,0.0,text->image,16,100,0.8155,0.4338,7462.67,64,5000,768,42
clip-l,mscoco,ivfpq_vanilla,0.0,text->image,16,200,0.8972,0.6387,6861.7,64,5000,768,42
clip-l,mscoco,ivfpq_vanilla,0.0,text->image,16,500,0.9227,0.8065,1136.55,64,5000,768,42
clip-l,mscoco,ivfpq_vanilla,0.0,text->image,16,1000,0.9237,0.8314,459.84,64,5000,768,42
clip-l,mscoco,ivfpq_pmc_1.00,1.0,text->image,16,0,0.4907,0.631,58298.36,64,5000,768,42
clip-l,mscoco,ivfpq_pmc_1.00,1.0,text->image,16,100,0.9234,0.631,5945.0,64,5000,768,42
clip-l,mscoco,ivfpq_pmc_1.00,1.0,text->image,16,200,0.9438,0.7912,4661.46,64,5000,768,42
clip-l,mscoco,ivfpq_pmc_1.00,1.0,text->image,16,500,0.9493,0.8599,1000.13,64,5000,768,42
clip-l,mscoco,ivfpq_pmc_1.00,1.0,text->image,16,1000,0.9499,0.8677,448.56,64,5000,768,42
clip-l,mscoco,opq_vanilla,0.0,text->image,16,0,0.4214,0.558,54544.24,64,5000,768,42
clip-l,mscoco,opq_vanilla,0.0,text->image,16,100,0.8995,0.558,7533.05,64,5000,768,42
clip-l,mscoco,opq_vanilla,0.0,text->image,16,200,0.9201,0.7407,5293.72,64,5000,768,42
clip-l,mscoco,opq_vanilla,0.0,text->image,16,500,0.9237,0.8261,1154.38,64,5000,768,42
clip-l,mscoco,opq_vanilla,0.0,text->image,16,1000,0.9237,0.8317,514.22,64,5000,768,42
clip-l,mscoco,opq_pmc_1.00,1.0,text->image,16,0,0.5289,0.6701,53027.05,64,5000,768,42
clip-l,mscoco,opq_pmc_1.00,1.0,text->image,16,100,0.9336,0.6701,7131.35,64,5000,768,42
clip-l,mscoco,opq_pmc_1.00,1.0,text->image,16,200,0.9465,0.8173,5842.27,64,5000,768,42
clip-l,mscoco,opq_pmc_1.00,1.0,text->image,16,500,0.9495,0.8637,1075.43,64,5000,768,42
clip-l,mscoco,opq_pmc_1.00,1.0,text->image,16,1000,0.9499,0.8677,519.88,64,5000,768,42
clip-l,mscoco,ivfpq_vanilla,0.0,text->image,64,0,0.2402,0.4263,24318.62,64,5000,768,42
clip-l,mscoco,ivfpq_vanilla,0.0,text->image,64,100,0.8321,0.4263,6791.26,64,5000,768,42
clip-l,mscoco,ivfpq_vanilla,0.0,text->image,64,200,0.9374,0.642,4714.06,64,5000,768,42
clip-l,mscoco,ivfpq_vanilla,0.0,text->image,64,500,0.9897,0.8741,994.68,64,5000,768,42
clip-l,mscoco,ivfpq_vanilla,0.0,text->image,64,1000,0.9984,0.9653,526.33,64,5000,768,42
clip-l,mscoco,ivfpq_pmc_1.00,1.0,text->image,64,0,0.4957,0.6476,19309.92,64,5000,768,42
clip-l,mscoco,ivfpq_pmc_1.00,1.0,text->image,64,100,0.9564,0.6476,5674.52,64,5000,768,42
clip-l,mscoco,ivfpq_pmc_1.00,1.0,text->image,64,200,0.9848,0.8362,4354.8,64,5000,768,42
clip-l,mscoco,ivfpq_pmc_1.00,1.0,text->image,64,500,0.9966,0.9521,1006.71,64,5000,768,42
clip-l,mscoco,ivfpq_pmc_1.00,1.0,text->image,64,1000,0.9989,0.9857,511.22,64,5000,768,42
clip-l,mscoco,opq_vanilla,0.0,text->image,64,0,0.4306,0.5761,18071.33,64,5000,768,42
clip-l,mscoco,opq_vanilla,0.0,text->image,64,100,0.9543,0.5761,5908.43,64,5000,768,42
clip-l,mscoco,opq_vanilla,0.0,text->image,64,200,0.9873,0.7948,3965.22,64,5000,768,42
clip-l,mscoco,opq_vanilla,0.0,text->image,64,500,0.9985,0.9516,897.38,64,5000,768,42
clip-l,mscoco,opq_vanilla,0.0,text->image,64,1000,0.9998,0.9915,464.57,64,5000,768,42
clip-l,mscoco,opq_pmc_1.00,1.0,text->image,64,0,0.5366,0.6963,19420.39,64,5000,768,42
clip-l,mscoco,opq_pmc_1.00,1.0,text->image,64,100,0.973,0.6963,5169.66,64,5000,768,42
clip-l,mscoco,opq_pmc_1.00,1.0,text->image,64,200,0.9916,0.882,4159.0,64,5000,768,42
clip-l,mscoco,opq_pmc_1.00,1.0,text->image,64,500,0.9979,0.9724,899.81,64,5000,768,42
clip-l,mscoco,opq_pmc_1.00,1.0,text->image,64,1000,0.9992,0.9928,473.35,64,5000,768,42
clip-l,mscoco,ivfpq_vanilla,0.0,image->text,16,0,0.2201,0.3457,58166.05,64,5000,768,42
clip-l,mscoco,ivfpq_vanilla,0.0,image->text,16,100,0.6858,0.3457,4105.82,64,5000,768,42
clip-l,mscoco,ivfpq_vanilla,0.0,image->text,16,200,0.828,0.5116,3375.66,64,5000,768,42
clip-l,mscoco,ivfpq_vanilla,0.0,image->text,16,500,0.9368,0.7482,883.56,64,5000,768,42
clip-l,mscoco,ivfpq_vanilla,0.0,image->text,16,1000,0.9529,0.8576,456.38,64,5000,768,42
clip-l,mscoco,ivfpq_pmc_1.00,1.0,image->text,16,0,0.4545,0.5827,43911.38,64,5000,768,42
clip-l,mscoco,ivfpq_pmc_1.00,1.0,image->text,16,100,0.9117,0.5827,6137.4,64,5000,768,42
clip-l,mscoco,ivfpq_pmc_1.00,1.0,image->text,16,200,0.9536,0.7552,3286.2,64,5000,768,42
clip-l,mscoco,ivfpq_pmc_1.00,1.0,image->text,16,500,0.9742,0.881,863.54,64,5000,768,42
clip-l,mscoco,ivfpq_pmc_1.00,1.0,image->text,16,1000,0.9786,0.9159,464.71,64,5000,768,42
clip-l,mscoco,opq_vanilla,0.0,image->text,16,0,0.4509,0.5854,51539.54,64,5000,768,42
clip-l,mscoco,opq_vanilla,0.0,image->text,16,100,0.9392,0.5854,8010.79,64,5000,768,42
clip-l,mscoco,opq_vanilla,0.0,image->text,16,200,0.952,0.7744,5042.23,64,5000,768,42
clip-l,mscoco,opq_vanilla,0.0,image->text,16,500,0.9534,0.8621,1018.39,64,5000,768,42
clip-l,mscoco,opq_vanilla,0.0,image->text,16,1000,0.9534,0.8657,534.04,64,5000,768,42
clip-l,mscoco,opq_pmc_1.00,1.0,image->text,16,0,0.5236,0.6723,48838.71,64,5000,768,42
clip-l,mscoco,opq_pmc_1.00,1.0,image->text,16,100,0.9421,0.6723,7117.22,64,5000,768,42
clip-l,mscoco,opq_pmc_1.00,1.0,image->text,16,200,0.9677,0.8227,5206.02,64,5000,768,42
clip-l,mscoco,opq_pmc_1.00,1.0,image->text,16,500,0.9777,0.9021,964.5,64,5000,768,42
clip-l,mscoco,opq_pmc_1.00,1.0,image->text,16,1000,0.979,0.9196,463.15,64,5000,768,42
clip-l,mscoco,ivfpq_vanilla,0.0,image->text,64,0,0.2195,0.3456,20031.89,64,5000,768,42
clip-l,mscoco,ivfpq_vanilla,0.0,image->text,64,100,0.6874,0.3456,5685.02,64,5000,768,42
clip-l,mscoco,ivfpq_vanilla,0.0,image->text,64,200,0.8346,0.5116,3742.07,64,5000,768,42
clip-l,mscoco,ivfpq_vanilla,0.0,image->text,64,500,0.9573,0.7532,884.59,64,5000,768,42
clip-l,mscoco,ivfpq_vanilla,0.0,image->text,64,1000,0.9919,0.9059,389.94,64,5000,768,42
clip-l,mscoco,ivfpq_pmc_1.00,1.0,image->text,64,0,0.4551,0.5863,26636.02,64,5000,768,42
clip-l,mscoco,ivfpq_pmc_1.00,1.0,image->text,64,100,0.9193,0.5863,5604.67,64,5000,768,42
clip-l,mscoco,ivfpq_pmc_1.00,1.0,image->text,64,200,0.9648,0.7672,4738.83,64,5000,768,42
clip-l,mscoco,ivfpq_pmc_1.00,1.0,image->text,64,500,0.9899,0.9171,902.74,64,5000,768,42
clip-l,mscoco,ivfpq_pmc_1.00,1.0,image->text,64,1000,0.9971,0.9746,487.61,64,5000,768,42
clip-l,mscoco,opq_vanilla,0.0,image->text,64,0,0.4542,0.5964,21072.69,64,5000,768,42
clip-l,mscoco,opq_vanilla,0.0,image->text,64,100,0.9743,0.5964,5014.46,64,5000,768,42
clip-l,mscoco,opq_vanilla,0.0,image->text,64,200,0.9949,0.8165,3926.7,64,5000,768,42
clip-l,mscoco,opq_vanilla,0.0,image->text,64,500,0.9993,0.9712,942.85,64,5000,768,42
clip-l,mscoco,opq_vanilla,0.0,image->text,64,1000,0.9993,0.9976,475.85,64,5000,768,42
clip-l,mscoco,opq_pmc_1.00,1.0,image->text,64,0,0.5256,0.6845,18826.61,64,5000,768,42
clip-l,mscoco,opq_pmc_1.00,1.0,image->text,64,100,0.9534,0.6845,6094.87,64,5000,768,42
clip-l,mscoco,opq_pmc_1.00,1.0,image->text,64,200,0.9824,0.8521,4918.12,64,5000,768,42
clip-l,mscoco,opq_pmc_1.00,1.0,image->text,64,500,0.9959,0.9541,1030.03,64,5000,768,42
clip-l,mscoco,opq_pmc_1.00,1.0,image->text,64,1000,0.9987,0.9871,644.25,64,5000,768,42
imagebind,mscoco,ivfpq_vanilla,0.0,text->image,16,0,0.4178,0.5882,52678.88,64,5000,1024,42
imagebind,mscoco,ivfpq_vanilla,0.0,text->image,16,100,0.9309,0.5882,8641.04,64,5000,1024,42
imagebind,mscoco,ivfpq_vanilla,0.0,text->image,16,200,0.9609,0.7767,6095.79,64,5000,1024,42
imagebind,mscoco,ivfpq_vanilla,0.0,text->image,16,500,0.9663,0.8801,1042.69,64,5000,1024,42
imagebind,mscoco,ivfpq_vanilla,0.0,text->image,16,1000,0.9666,0.8889,470.25,64,5000,1024,42
imagebind,mscoco,ivfpq_pmc_1.00,1.0,text->image,16,0,0.5978,0.6957,55317.51,64,5000,1024,42
imagebind,mscoco,ivfpq_pmc_1.00,1.0,text->image,16,100,0.9704,0.6957,7940.83,64,5000,1024,42
imagebind,mscoco,ivfpq_pmc_1.00,1.0,text->image,16,200,0.9805,0.863,4438.81,64,5000,1024,42
imagebind,mscoco,ivfpq_pmc_1.00,1.0,text->image,16,500,0.9819,0.9195,950.86,64,5000,1024,42
imagebind,mscoco,ivfpq_pmc_1.00,1.0,text->image,16,1000,0.982,0.9224,508.08,64,5000,1024,42
imagebind,mscoco,opq_vanilla,0.0,text->image,16,0,0.5835,0.6843,41691.96,64,5000,1024,42
imagebind,mscoco,opq_vanilla,0.0,text->image,16,100,0.9636,0.6843,6798.25,64,5000,1024,42
imagebind,mscoco,opq_vanilla,0.0,text->image,16,200,0.9662,0.8488,4681.04,64,5000,1024,42
imagebind,mscoco,opq_vanilla,0.0,text->image,16,500,0.9665,0.8883,1101.61,64,5000,1024,42
imagebind,mscoco,opq_vanilla,0.0,text->image,16,1000,0.9666,0.8889,464.81,64,5000,1024,42
imagebind,mscoco,opq_pmc_1.00,1.0,text->image,16,0,0.6628,0.7572,37155.27,64,5000,1024,42
imagebind,mscoco,opq_pmc_1.00,1.0,text->image,16,100,0.9802,0.7572,7786.6,64,5000,1024,42
imagebind,mscoco,opq_pmc_1.00,1.0,text->image,16,200,0.9818,0.8979,5400.68,64,5000,1024,42
imagebind,mscoco,opq_pmc_1.00,1.0,text->image,16,500,0.9819,0.922,1106.15,64,5000,1024,42
imagebind,mscoco,opq_pmc_1.00,1.0,text->image,16,1000,0.982,0.9225,514.18,64,5000,1024,42
imagebind,mscoco,ivfpq_vanilla,0.0,text->image,64,0,0.4192,0.5925,27625.64,64,5000,1024,42
imagebind,mscoco,ivfpq_vanilla,0.0,text->image,64,100,0.9457,0.5925,6836.95,64,5000,1024,42
imagebind,mscoco,ivfpq_vanilla,0.0,text->image,64,200,0.9847,0.7953,5075.51,64,5000,1024,42
imagebind,mscoco,ivfpq_vanilla,0.0,text->image,64,500,0.9981,0.9437,936.14,64,5000,1024,42
imagebind,mscoco,ivfpq_vanilla,0.0,text->image,64,1000,0.9998,0.9868,560.13,64,5000,1024,42
imagebind,mscoco,ivfpq_pmc_1.00,1.0,text->image,64,0,0.5986,0.7009,24664.38,64,5000,1024,42
imagebind,mscoco,ivfpq_pmc_1.00,1.0,text->image,64,100,0.9816,0.7009,9253.79,64,5000,1024,42
imagebind,mscoco,ivfpq_pmc_1.00,1.0,text->image,64,200,0.9959,0.8866,6557.07,64,5000,1024,42
imagebind,mscoco,ivfpq_pmc_1.00,1.0,text->image,64,500,0.9995,0.9788,1172.06,64,5000,1024,42
imagebind,mscoco,ivfpq_pmc_1.00,1.0,text->image,64,1000,0.9998,0.996,545.08,64,5000,1024,42
imagebind,mscoco,opq_vanilla,0.0,text->image,64,0,0.5879,0.6998,20966.82,64,5000,1024,42
imagebind,mscoco,opq_vanilla,0.0,text->image,64,100,0.9936,0.6998,7638.96,64,5000,1024,42
imagebind,mscoco,opq_vanilla,0.0,text->image,64,200,0.9989,0.9007,5086.51,64,5000,1024,42
imagebind,mscoco,opq_vanilla,0.0,text->image,64,500,0.9998,0.9879,1188.81,64,5000,1024,42
imagebind,mscoco,opq_vanilla,0.0,text->image,64,1000,1.0,0.9987,561.58,64,5000,1024,42
imagebind,mscoco,opq_pmc_1.00,1.0,text->image,64,0,0.6654,0.7734,18683.19,64,5000,1024,42
imagebind,mscoco,opq_pmc_1.00,1.0,text->image,64,100,0.9969,0.7734,5768.64,64,5000,1024,42
imagebind,mscoco,opq_pmc_1.00,1.0,text->image,64,200,0.9994,0.9458,4678.33,64,5000,1024,42
imagebind,mscoco,opq_pmc_1.00,1.0,text->image,64,500,0.9998,0.9954,979.8,64,5000,1024,42
imagebind,mscoco,opq_pmc_1.00,1.0,text->image,64,1000,0.9999,0.9995,534.0,64,5000,1024,42
imagebind,mscoco,ivfpq_vanilla,0.0,image->text,16,0,0.4142,0.5881,55817.03,64,5000,1024,42
imagebind,mscoco,ivfpq_vanilla,0.0,image->text,16,100,0.9393,0.5881,8624.49,64,5000,1024,42
imagebind,mscoco,ivfpq_vanilla,0.0,image->text,16,200,0.9702,0.7818,5892.21,64,5000,1024,42
imagebind,mscoco,ivfpq_vanilla,0.0,image->text,16,500,0.9755,0.8956,1068.09,64,5000,1024,42
imagebind,mscoco,ivfpq_vanilla,0.0,image->text,16,1000,0.9757,0.9082,528.68,64,5000,1024,42
imagebind,mscoco,ivfpq_pmc_1.00,1.0,image->text,16,0,0.5593,0.6804,50739.53,64,5000,1024,42
imagebind,mscoco,ivfpq_pmc_1.00,1.0,image->text,16,100,0.9663,0.6804,6655.25,64,5000,1024,42
imagebind,mscoco,ivfpq_pmc_1.00,1.0,image->text,16,200,0.9799,0.8493,5316.28,64,5000,1024,42
imagebind,mscoco,ivfpq_pmc_1.00,1.0,image->text,16,500,0.9833,0.9257,997.76,64,5000,1024,42
imagebind,mscoco,ivfpq_pmc_1.00,1.0,image->text,16,1000,0.9833,0.9333,497.2,64,5000,1024,42
imagebind,mscoco,opq_vanilla,0.0,image->text,16,0,0.5841,0.7236,43791.7,64,5000,1024,42
imagebind,mscoco,opq_vanilla,0.0,image->text,16,100,0.9752,0.7236,10220.93,64,5000,1024,42
imagebind,mscoco,opq_vanilla,0.0,image->text,16,200,0.9757,0.8842,7815.3,64,5000,1024,42
imagebind,mscoco,opq_vanilla,0.0,image->text,16,500,0.9758,0.9083,1214.37,64,5000,1024,42
imagebind,mscoco,opq_vanilla,0.0,image->text,16,1000,0.9757,0.9084,477.91,64,5000,1024,42
imagebind,mscoco,opq_pmc_1.00,1.0,image->text,16,0,0.6771,0.7773,41113.32,64,5000,1024,42
imagebind,mscoco,opq_pmc_1.00,1.0,image->text,16,100,0.9815,0.7773,7642.35,64,5000,1024,42
imagebind,mscoco,opq_pmc_1.00,1.0,image->text,16,200,0.9833,0.9111,5562.89,64,5000,1024,42
imagebind,mscoco,opq_pmc_1.00,1.0,image->text,16,500,0.9833,0.9331,750.62,64,5000,1024,42
imagebind,mscoco,opq_pmc_1.00,1.0,image->text,16,1000,0.9833,0.9334,476.06,64,5000,1024,42
imagebind,mscoco,ivfpq_vanilla,0.0,image->text,64,0,0.4147,0.5932,19984.97,64,5000,1024,42
imagebind,mscoco,ivfpq_vanilla,0.0,image->text,64,100,0.953,0.5932,5220.77,64,5000,1024,42
imagebind,mscoco,ivfpq_vanilla,0.0,image->text,64,200,0.9904,0.8016,3720.4,64,5000,1024,42
imagebind,mscoco,ivfpq_vanilla,0.0,image->text,64,500,0.9988,0.9554,972.93,64,5000,1024,42
imagebind,mscoco,ivfpq_vanilla,0.0,image->text,64,1000,0.9995,0.9927,476.31,64,5000,1024,42
imagebind,mscoco,ivfpq_pmc_1.00,1.0,image->text,64,0,0.5605,0.6869,18144.53,64,5000,1024,42
imagebind,mscoco,ivfpq_pmc_1.00,1.0,image->text,64,100,0.9782,0.6869,6710.4,64,5000,1024,42
imagebind,mscoco,ivfpq_pmc_1.00,1.0,image->text,64,200,0.995,0.8734,4929.15,64,5000,1024,42
imagebind,mscoco,ivfpq_pmc_1.00,1.0,image->text,64,500,0.9994,0.9778,882.27,64,5000,1024,42
imagebind,mscoco,ivfpq_pmc_1.00,1.0,image->text,64,1000,0.9996,0.9971,496.68,64,5000,1024,42
imagebind,mscoco,opq_vanilla,0.0,image->text,64,0,0.5872,0.7401,17196.64,64,5000,1024,42
imagebind,mscoco,opq_vanilla,0.0,image->text,64,100,0.9986,0.7401,5586.64,64,5000,1024,42
imagebind,mscoco,opq_vanilla,0.0,image->text,64,200,0.9996,0.9412,4301.48,64,5000,1024,42
imagebind,mscoco,opq_vanilla,0.0,image->text,64,500,0.9996,0.998,972.12,64,5000,1024,42
imagebind,mscoco,opq_vanilla,0.0,image->text,64,1000,0.9996,0.9999,486.66,64,5000,1024,42
imagebind,mscoco,opq_pmc_1.00,1.0,image->text,64,0,0.6805,0.7946,18491.3,64,5000,1024,42
imagebind,mscoco,opq_pmc_1.00,1.0,image->text,64,100,0.9971,0.7946,7867.61,64,5000,1024,42
imagebind,mscoco,opq_pmc_1.00,1.0,image->text,64,200,0.9994,0.9584,3948.56,64,5000,1024,42
imagebind,mscoco,opq_pmc_1.00,1.0,image->text,64,500,0.9996,0.9979,935.79,64,5000,1024,42
imagebind,mscoco,opq_pmc_1.00,1.0,image->text,64,1000,0.9997,0.9998,494.85,64,5000,1024,42
clip-l,flickr30k,ivfpq_vanilla,0.0,text->image,16,0,0.4551,0.5011,69076.52,64,1000,768,42
clip-l,flickr30k,ivfpq_vanilla,0.0,text->image,16,100,0.8602,0.5011,10463.53,64,1000,768,42
clip-l,flickr30k,ivfpq_vanilla,0.0,text->image,16,200,0.8707,0.6497,8184.06,64,1000,768,42
clip-l,flickr30k,ivfpq_vanilla,0.0,text->image,16,500,0.8707,0.6953,2171.54,64,1000,768,42
clip-l,flickr30k,ivfpq_vanilla,0.0,text->image,16,1000,0.8707,0.6953,2231.92,64,1000,768,42
clip-l,flickr30k,ivfpq_pmc_1.00,1.0,text->image,16,0,0.5276,0.5319,77744.78,64,1000,768,42
clip-l,flickr30k,ivfpq_pmc_1.00,1.0,text->image,16,100,0.8565,0.5319,9966.77,64,1000,768,42
clip-l,flickr30k,ivfpq_pmc_1.00,1.0,text->image,16,200,0.8811,0.654,8150.84,64,1000,768,42
clip-l,flickr30k,ivfpq_pmc_1.00,1.0,text->image,16,500,0.8866,0.7051,4012.55,64,1000,768,42
clip-l,flickr30k,ivfpq_pmc_1.00,1.0,text->image,16,1000,0.8866,0.7051,3792.05,64,1000,768,42
clip-l,flickr30k,opq_vanilla,0.0,text->image,16,0,0.5619,0.5483,56319.31,64,1000,768,42
clip-l,flickr30k,opq_vanilla,0.0,text->image,16,100,0.8651,0.5483,8775.69,64,1000,768,42
clip-l,flickr30k,opq_vanilla,0.0,text->image,16,200,0.8706,0.6629,6795.94,64,1000,768,42
clip-l,flickr30k,opq_vanilla,0.0,text->image,16,500,0.8707,0.6953,2008.92,64,1000,768,42
clip-l,flickr30k,opq_vanilla,0.0,text->image,16,1000,0.8707,0.6953,1923.58,64,1000,768,42
clip-l,flickr30k,opq_pmc_1.00,1.0,text->image,16,0,0.5395,0.5444,58157.79,64,1000,768,42
clip-l,flickr30k,opq_pmc_1.00,1.0,text->image,16,100,0.8651,0.5444,8944.44,64,1000,768,42
clip-l,flickr30k,opq_pmc_1.00,1.0,text->image,16,200,0.882,0.6653,6683.9,64,1000,768,42
clip-l,flickr30k,opq_pmc_1.00,1.0,text->image,16,500,0.8866,0.7051,3395.32,64,1000,768,42
clip-l,flickr30k,opq_pmc_1.00,1.0,text->image,16,1000,0.8866,0.7051,3336.75,64,1000,768,42
clip-l,flickr30k,ivfpq_vanilla,0.0,text->image,64,0,0.4715,0.5552,29185.58,64,1000,768,42
clip-l,flickr30k,ivfpq_vanilla,0.0,text->image,64,100,0.9596,0.5552,7516.9,64,1000,768,42
clip-l,flickr30k,ivfpq_vanilla,0.0,text->image,64,200,0.9959,0.7777,5808.53,64,1000,768,42
clip-l,flickr30k,ivfpq_vanilla,0.0,text->image,64,500,1.0,0.9925,1273.41,64,1000,768,42
clip-l,flickr30k,ivfpq_vanilla,0.0,text->image,64,1000,1.0,1.0,746.54,64,1000,768,42
clip-l,flickr30k,ivfpq_pmc_1.00,1.0,text->image,64,0,0.5464,0.606,31946.84,64,1000,768,42
clip-l,flickr30k,ivfpq_pmc_1.00,1.0,text->image,64,100,0.94,0.606,8838.64,64,1000,768,42
clip-l,flickr30k,ivfpq_pmc_1.00,1.0,text->image,64,200,0.982,0.7893,6717.92,64,1000,768,42
clip-l,flickr30k,ivfpq_pmc_1.00,1.0,text->image,64,500,0.9988,0.971,1714.14,64,1000,768,42
clip-l,flickr30k,ivfpq_pmc_1.00,1.0,text->image,64,1000,1.0,1.0,711.79,64,1000,768,42
clip-l,flickr30k,opq_vanilla,0.0,text->image,64,0,0.5842,0.6306,25645.3,64,1000,768,42
clip-l,flickr30k,opq_vanilla,0.0,text->image,64,100,0.9804,0.6306,7571.56,64,1000,768,42
clip-l,flickr30k,opq_vanilla,0.0,text->image,64,200,0.9986,0.8321,5599.43,64,1000,768,42
clip-l,flickr30k,opq_vanilla,0.0,text->image,64,500,1.0,0.9954,1420.05,64,1000,768,42
clip-l,flickr30k,opq_vanilla,0.0,text->image,64,1000,1.0,1.0,851.87,64,1000,768,42
clip-l,flickr30k,opq_pmc_1.00,1.0,text->image,64,0,0.5578,0.6195,33132.11,64,1000,768,42
clip-l,flickr30k,opq_pmc_1.00,1.0,text->image,64,100,0.9509,0.6195,10251.31,64,1000,768,42
clip-l,flickr30k,opq_pmc_1.00,1.0,text->image,64,200,0.9829,0.8135,7879.07,64,1000,768,42
clip-l,flickr30k,opq_pmc_1.00,1.0,text->image,64,500,0.9985,0.9758,1824.71,64,1000,768,42
clip-l,flickr30k,opq_pmc_1.00,1.0,text->image,64,1000,1.0,1.0,910.66,64,1000,768,42
clip-l,flickr30k,ivfpq_vanilla,0.0,image->text,16,0,0.396,0.4316,87090.56,64,1000,768,42
clip-l,flickr30k,ivfpq_vanilla,0.0,image->text,16,100,0.738,0.4316,9174.35,64,1000,768,42
clip-l,flickr30k,ivfpq_vanilla,0.0,image->text,16,200,0.7946,0.5704,6447.37,64,1000,768,42
clip-l,flickr30k,ivfpq_vanilla,0.0,image->text,16,500,0.7964,0.6278,3312.25,64,1000,768,42
clip-l,flickr30k,ivfpq_vanilla,0.0,image->text,16,1000,0.7964,0.6278,3503.43,64,1000,768,42
clip-l,flickr30k,ivfpq_pmc_1.00,1.0,image->text,16,0,0.4719,0.4695,62297.92,64,1000,768,42
clip-l,flickr30k,ivfpq_pmc_1.00,1.0,image->text,16,100,0.7923,0.4695,9016.38,64,1000,768,42
clip-l,flickr30k,ivfpq_pmc_1.00,1.0,image->text,16,200,0.8273,0.6036,6703.31,64,1000,768,42
clip-l,flickr30k,ivfpq_pmc_1.00,1.0,image->text,16,500,0.8293,0.6534,3357.54,64,1000,768,42
clip-l,flickr30k,ivfpq_pmc_1.00,1.0,image->text,16,1000,0.8293,0.6534,3492.12,64,1000,768,42
clip-l,flickr30k,opq_vanilla,0.0,image->text,16,0,0.4551,0.4786,62140.37,64,1000,768,42
clip-l,flickr30k,opq_vanilla,0.0,image->text,16,100,0.7801,0.4786,9317.74,64,1000,768,42
clip-l,flickr30k,opq_vanilla,0.0,image->text,16,200,0.796,0.602,6714.06,64,1000,768,42
clip-l,flickr30k,opq_vanilla,0.0,image->text,16,500,0.7964,0.6278,4479.59,64,1000,768,42
clip-l,flickr30k,opq_vanilla,0.0,image->text,16,1000,0.7964,0.6278,4075.73,64,1000,768,42
clip-l,flickr30k,opq_pmc_1.00,1.0,image->text,16,0,0.4999,0.4957,65795.1,64,1000,768,42
clip-l,flickr30k,opq_pmc_1.00,1.0,image->text,16,100,0.8057,0.4957,10340.24,64,1000,768,42
clip-l,flickr30k,opq_pmc_1.00,1.0,image->text,16,200,0.8283,0.6198,7901.4,64,1000,768,42
clip-l,flickr30k,opq_pmc_1.00,1.0,image->text,16,500,0.8293,0.6534,4363.05,64,1000,768,42
clip-l,flickr30k,opq_pmc_1.00,1.0,image->text,16,1000,0.8293,0.6534,4179.01,64,1000,768,42
clip-l,flickr30k,ivfpq_vanilla,0.0,image->text,64,0,0.4184,0.5047,31561.07,64,1000,768,42
clip-l,flickr30k,ivfpq_vanilla,0.0,image->text,64,100,0.8459,0.5047,8956.41,64,1000,768,42
clip-l,flickr30k,ivfpq_vanilla,0.0,image->text,64,200,0.9519,0.6795,6550.24,64,1000,768,42
clip-l,flickr30k,ivfpq_vanilla,0.0,image->text,64,500,0.9996,0.9445,1493.93,64,1000,768,42
clip-l,flickr30k,ivfpq_vanilla,0.0,image->text,64,1000,1.0,1.0,611.64,64,1000,768,42
clip-l,flickr30k,ivfpq_pmc_1.00,1.0,image->text,64,0,0.4989,0.5467,28356.97,64,1000,768,42
clip-l,flickr30k,ivfpq_pmc_1.00,1.0,image->text,64,100,0.9011,0.5467,7344.09,64,1000,768,42
clip-l,flickr30k,ivfpq_pmc_1.00,1.0,image->text,64,200,0.9671,0.7273,5548.08,64,1000,768,42
clip-l,flickr30k,ivfpq_pmc_1.00,1.0,image->text,64,500,0.9982,0.9468,1202.29,64,1000,768,42
clip-l,flickr30k,ivfpq_pmc_1.00,1.0,image->text,64,1000,1.0,1.0,657.7,64,1000,768,42
clip-l,flickr30k,opq_vanilla,0.0,image->text,64,0,0.4877,0.5735,26995.36,64,1000,768,42
clip-l,flickr30k,opq_vanilla,0.0,image->text,64,100,0.9264,0.5735,9117.8,64,1000,768,42
clip-l,flickr30k,opq_vanilla,0.0,image->text,64,200,0.9855,0.7668,6267.82,64,1000,768,42
clip-l,flickr30k,opq_vanilla,0.0,image->text,64,500,0.9997,0.9771,1495.82,64,1000,768,42
clip-l,flickr30k,opq_vanilla,0.0,image->text,64,1000,1.0,1.0,719.66,64,1000,768,42
clip-l,flickr30k,opq_pmc_1.00,1.0,image->text,64,0,0.5316,0.5861,29884.02,64,1000,768,42
clip-l,flickr30k,opq_pmc_1.00,1.0,image->text,64,100,0.9338,0.5861,8410.22,64,1000,768,42
clip-l,flickr30k,opq_pmc_1.00,1.0,image->text,64,200,0.9792,0.7727,5978.42,64,1000,768,42
clip-l,flickr30k,opq_pmc_1.00,1.0,image->text,64,500,0.9988,0.9662,1202.62,64,1000,768,42
clip-l,flickr30k,opq_pmc_1.00,1.0,image->text,64,1000,1.0,1.0,586.79,64,1000,768,42
